60002018U8(n,f)/U5(n,f)         NIFFTE TPC                  J,PRC,97,034618(2018)
 1 4 0 0  8   72 10  8  0  0  0
 UNCERTAINTIES
 1 Energy Uncertainty calculated from 2.03 ns and 3 mm TOF length unc. (TOF length 8.059 m)
 3 Statistical Unc.
 4 Particle Identification unc.
 5 Pu-239 wrap around background unc.
 6 Residual Detector Efficiency Unc.
 7 Impurity Unc.
 8 Outlying Unc. only added to DAT.GMA file.
 0.99 0.01 0.50
 0.00 0.00 0.00
 0.00 0.00 0.00
 0.50 0.50 0.50
 0.99 0.01 0.50
 0.00 0.00 0.00
 0.99 0.01 0.50
 0.50 0.50 0.50
 0.50 0.50 0.50
 0.50 0.50 0.50
 0.50 0.50 0.50
  0  0  9  1  1  1  1  0  0  0  0
    0.5160    0.0010  0.2  0.0 49.7  9.3 33.0  1.2 59.8  0.0  0.0  0.0  0.0  0.0
    0.5465    0.0010  0.2  0.0 48.3  5.7 31.4  1.1 61.4  0.0  0.0  0.0  0.0  0.0
    0.5790    0.0010  0.2  0.0 59.4  5.9 39.7  1.0 73.8  0.0  0.0  0.0  0.0  0.0
    0.6135    0.0010  0.2  0.0 43.5  4.5 26.8  0.9 60.9  0.0  0.0  0.0  0.0  0.0
    0.6495    0.0030  0.2  0.0 20.7  4.5 11.0  0.9 32.4  0.0  0.0  0.0  0.0  0.0
    0.6880    0.0030  0.3  0.0 19.1  1.9  9.6  0.8 29.9  0.0  0.0  0.0  0.0  0.0
    0.7290    0.0030  0.3  0.0 16.6  1.4  7.9  0.8 26.3  0.0  0.0  0.0  0.0  0.0
    0.7720    0.0040  0.3  0.0 14.8  1.3  6.9  0.7 23.8  0.0  0.0  0.0  0.0  0.0
    0.8175    0.0060  0.3  0.0  9.7  1.1  4.0  0.7 15.5  0.0  0.0  0.0  0.0  0.0
    0.8660    0.0090  0.3  0.0  6.8  0.9  2.4  0.7 10.2  0.0  0.0  0.0  0.0  0.0
    0.9175    0.0150  0.3  0.0  4.6  0.5  1.4  0.4  6.2  0.0  0.0  0.0  0.0  0.0
    0.9720    0.0160  0.3  0.0  4.4  0.2  1.2  0.5  5.9  0.0  0.0  0.0  0.0  0.0
    1.0295    0.0150  0.3  0.0  4.4  0.5  1.2  0.4  6.0  0.0  0.0  0.0  0.0  0.0
    1.0905    0.0230  0.3  0.0  3.4  0.2  0.8  0.4  4.0  0.0  0.0  0.0  0.0  0.0
    1.1555    0.0330  0.3  0.0  2.7  0.2  0.5  0.4  2.8  0.0  0.0  0.0  0.0  0.0
    1.2240    0.0370  0.3  0.0  2.5  0.3  0.5  0.3  2.5  0.0  0.0  0.0  0.0  0.0
    1.2965    0.0570  0.3  0.0  2.0  0.1  0.3  0.3  1.6  0.0  0.0  0.0  0.0  0.0
    1.3735    0.1140  0.4  0.0  1.4  0.1  0.2  0.2  0.8  0.0  0.0  0.0  0.0  0.0
    1.4545    0.2240  0.4  0.0  1.0  0.2  0.2  0.2  0.4  0.0  0.0  0.0  0.0  0.0
    1.5405    0.2930  0.4  0.0  0.9  0.1  0.2  0.1  0.3  0.0  0.0  0.0  0.0  0.0
    1.6320    0.3220  0.4  0.0  0.9  0.1  0.2  0.1  0.3  0.0  0.0  0.0  0.0  0.0
    1.7285    0.3560  0.4  0.0  0.9  0.1  0.2  0.2  0.3  0.0  0.0  0.0  0.0  0.0
    1.8310    0.3830  0.4  0.0  0.8  0.1  0.1  0.1  0.2  0.0  0.0  0.0  0.0  0.0
    1.9395    0.4020  0.4  0.0  0.8  0.1  0.1  0.1  0.2  0.0  0.0  0.0  0.0  0.0
    2.0540    0.4110  0.4  0.0  0.8  0.1  0.1  0.1  0.2  0.0  0.0  0.0  0.0  0.0
    2.1760    0.4210  0.4  0.0  0.8  0.1  0.1  0.1  0.2  0.0  0.0  0.0  0.0  0.0
    2.3050    0.4190  0.5  0.0  0.8  0.1  0.1  0.1  0.2  0.0  0.0  0.0  0.0  0.0
    2.4415    0.4190  0.5  0.0  0.8  0.1  0.1  0.1  0.2  0.0  0.0  0.0  0.0  0.0
    2.5865    0.4160  0.5  0.0  0.8  0.1  0.1  0.1  0.2  0.0  0.0  0.0  0.0  0.0
    2.7395    0.4320  0.5  0.0  0.8  0.1  0.1  0.1  0.2  0.0  0.0  0.0  0.0  0.0
    2.9015    0.4250  0.5  0.0  0.8  0.1  0.1  0.2  0.2  0.0  0.0  0.0  0.0  0.0
    3.0735    0.4280  0.5  0.0  0.8  0.2  0.1  0.1  0.2  0.0  0.0  0.0  0.0  0.0
    3.2560    0.4360  0.5  0.0  0.8  0.1  0.1  0.1  0.2  0.0  0.0  0.0  0.0  0.0
    3.4490    0.4510  0.6  0.0  0.8  0.2  0.1  0.1  0.2  0.0  0.0  0.0  0.0  0.0
    3.6530    0.4610  0.6  0.0  0.9  0.0  0.1  0.1  0.2  0.0  0.0  0.0  0.0  0.0
    3.8695    0.4720  0.6  0.0  0.9  0.1  0.1  0.1  0.2  0.0  0.0  0.0  0.0  0.0
    4.0990    0.4850  0.6  0.0  0.9  0.1  0.1  0.1  0.2  0.0  0.0  0.0  0.0  0.0
    4.3420    0.4890  0.6  0.0  0.9  0.0  0.1  0.1  0.2  0.0  0.0  0.0  0.0  0.0
    4.5995    0.5030  0.6  0.0  0.9  0.2  0.1  0.1  0.2  0.0  0.0  0.0  0.0  0.0
    4.8720    0.5040  0.7  0.0  0.9  0.1  0.1  0.1  0.2  0.0  0.0  0.0  0.0  0.0
    5.1605    0.5210  0.7  0.0  0.9  0.1  0.1  0.1  0.2  0.0  0.0  0.0  0.0  0.0
    5.4660    0.5190  0.7  0.0  0.9  0.1  0.1  0.1  0.2  0.0  0.0  0.0  0.0  0.0
    5.7900    0.5400  0.7  0.0  1.0  0.2  0.1  0.1  0.2  0.0  0.0  0.0  0.0  0.0
    6.1335    0.5650  0.7  0.0  0.9  0.1  0.1  0.1  0.2  0.0  0.0  0.0  0.0  0.0
    6.4965    0.5890  0.8  0.0  0.9  0.1  0.1  0.1  0.2  0.0  0.0  0.0  0.0  0.0
    6.8810    0.6140  0.8  0.0  0.8  0.1  0.1  0.1  0.1  0.0  0.0  0.0  0.0  0.0
    7.2890    0.5970  0.8  0.0  0.8  0.0  0.1  0.1  0.2  0.0  0.0  0.0  0.0  0.0
    7.7210    0.5740  0.8  0.0  0.8  0.1  0.1  0.1  0.2  0.0  0.0  0.0  0.0  0.0
    8.1785    0.5650  0.8  0.0  0.9  0.0  0.1  0.1  0.2  0.0  0.0  0.0  0.0  0.0
    8.6635    0.5550  0.9  0.0  0.9  0.0  0.1  0.1  0.2  0.0  0.0  0.0  0.0  0.0
    9.1770    0.5620  0.9  0.0  0.9  0.1  0.1  0.1  0.2  0.0  0.0  0.0  0.0  0.0
    9.7205    0.5640  0.9  0.0  0.9  0.2  0.1  0.1  0.2  0.0  0.0  0.0  0.0  0.0
   10.2965    0.5720  1.0  0.0  0.9  0.2  0.1  0.1  0.2  0.0  0.0  0.0  0.0  0.0
   10.9065    0.5750  1.0  0.0  1.0  0.1  0.1  0.1  0.2  0.0  0.0  0.0  0.0  0.0
   11.5525    0.5810  1.0  0.0  1.0  0.1  0.1  0.1  0.2  0.0  0.0  0.0  0.0  0.0
   12.2370    0.5660  1.0  0.0  1.1  0.1  0.1  0.2  0.2  0.0  0.0  0.0  0.0  0.0
   12.9620    0.5430  1.1  0.0  1.1  0.1  0.1  0.1  0.2  0.0  0.0  0.0  0.0  0.0
   13.7300    0.5440  1.1  0.0  1.1  0.1  0.1  0.1  0.2  0.0  0.0  0.0  0.0  0.0
   14.5435    0.5660  1.1  0.0  1.1  0.1  0.1  0.1  0.2  0.0  0.0  0.0  0.0  0.0
   15.4055    0.5840  1.2  0.0  1.0  0.1  0.1  0.1  0.2  0.0  0.0  0.0  0.0  0.0
   16.3185    0.6120  1.2  0.0  1.1  0.0  0.1  0.1  0.2  0.0  0.0  0.0  0.0  0.0
   17.2855    0.6330  1.2  0.0  1.1  0.0  0.1  0.2  0.1  0.0  0.0  0.0  0.0  0.0
   18.3095    0.6500  1.3  0.0  1.1  0.2  0.1  0.1  0.1  0.0  0.0  0.0  0.0  0.0
   19.3945    0.6780  1.3  0.0  1.1  0.1  0.1  0.1  0.1  0.0  0.0  0.0  0.0  0.0
   20.5440    0.7100  1.3  0.0  1.1  0.1  0.1  0.1  0.1  0.0  0.0  0.0  0.0  0.0
   21.7610    0.7340  1.4  0.0  1.1  0.1  0.1  0.1  0.1  0.0  0.0  0.0  0.0  0.0
   23.0505    0.7460  1.4  0.0  1.1  0.1  0.1  0.1  0.1  0.0  0.0  0.0  0.0  0.0
   24.4165    0.7340  1.5  0.0  1.1  0.1  0.1  0.1  0.1  0.0  0.0  0.0  0.0  0.0
   25.8630    0.7440  1.5  0.0  1.1  0.1  0.1  0.1  0.1  0.0  0.0  0.0  0.0  0.0
   27.3955    0.7400  1.6  0.0  1.1  0.2  0.1  0.2  0.1  0.0  0.0  0.0  0.0  0.0
   29.0190    0.7500  1.6  0.0  1.1  0.0  0.1  0.1  0.1  0.0  0.0  0.0  0.0  0.0
   30.7385    0.7650  1.6  0.0  1.1  0.1  0.1  0.1  0.1  0.0  0.0  0.0  0.0  0.0
ESESESESESES
60012021Pu9(n,f)/U5(n,f)        NIFFTE TPC                  J,NDS,178,p.1(2021)
 1 4 0 1  9  119  9  8  0  0  0
 UNCERTAINTIES
 1 Energy Unc. calculated from 2.75ns (FWHM) and 3mm TOF length unc. (TOF length 8.059m)
 3 Statistical Unc.
 4 Particle Identification unc.
 5 Pu-239 wrap around and thermal background unc.
 6 Residual Detector Efficiency Unc.
 7 Impurity Unc.
 8 Beam-target overlap and non-uniformity unc.
 9 Attenuation unc.
 0.99 0.01 0.50
 0.00 0.00 0.00
 0.00 0.00 0.00
 0.10 0.90 0.01
 0.80 0.20 0.99
 0.00 1.00 0.01
 0.35 0.65 0.80
 0.00 1.00 0.01
 0.50 0.50 0.50
 0.50 0.50 0.50
 0.50 0.50 0.50
  0  0  9  1  1  1  1  1  1  0  0
     0.109    0.9979  0.7  0.0  1.2  0.5  0.4  0.2  0.1  0.7  0.1  0.0  0.0  0.0  0.0  0.0
    0.1155    0.9529  0.7  0.0  1.1  0.5  0.3  0.2  0.1  0.6  0.1  0.0  0.0  0.0  0.0  0.0
    0.1224    0.9743  0.7  0.0  1.1  0.4  0.3  0.2  0.1  0.7  0.1  0.0  0.0  0.0  0.0  0.0
    0.1296    0.9900  0.7  0.0  1.0  0.4  0.3  0.2  0.1  0.6  0.1  0.0  0.0  0.0  0.0  0.0
    0.1373    1.0080  0.7  0.0  0.9  0.3  0.3  0.2  0.1  0.5  0.1  0.0  0.0  0.0  0.0  0.0
    0.1455    1.0420  0.7  0.0  1.0  0.4  0.3  0.2  0.1  0.5  0.1  0.0  0.0  0.0  0.0  0.0
     0.154    1.0610  0.7  0.0  0.8  0.3  0.3  0.2  0.1  0.5  0.1  0.0  0.0  0.0  0.0  0.0
    0.1632    1.0580  0.7  0.0  0.8  0.3  0.3  0.2  0.1  0.6  0.1  0.0  0.0  0.0  0.0  0.0
    0.1729    1.1050  0.7  0.0  0.8  0.2  0.3  0.2  0.1  0.5  0.1  0.0  0.0  0.0  0.0  0.0
    0.1831    1.0910  0.7  0.0  0.7  0.3  0.2  0.2  0.1  0.5  0.1  0.0  0.0  0.0  0.0  0.0
     0.194    1.0570  0.7  0.0  0.8  0.3  0.3  0.2  0.1  0.5  0.1  0.0  0.0  0.0  0.0  0.0
    0.2054    1.1280  0.7  0.0  0.7  0.2  0.2  0.2  0.1  0.5  0.1  0.0  0.0  0.0  0.0  0.0
    0.2175    1.1490  0.7  0.0  0.7  0.3  0.2  0.2  0.1  0.4  0.1  0.0  0.0  0.0  0.0  0.0
    0.2305    1.1740  0.7  0.0  0.6  0.3  0.2  0.2  0.1  0.5  0.1  0.0  0.0  0.0  0.0  0.0
    0.2442    1.1810  0.7  0.0  0.6  0.3  0.2  0.2  0.1  0.5  0.1  0.0  0.0  0.0  0.0  0.0
    0.2586    1.2200  0.7  0.0  0.6  0.3  0.2  0.2  0.1  0.4  0.1  0.0  0.0  0.0  0.0  0.0
     0.274    1.2520  0.7  0.0  0.6  0.2  0.2  0.2  0.1  0.4  0.1  0.0  0.0  0.0  0.0  0.0
    0.2902    1.2730  0.7  0.0  0.6  0.2  0.2  0.2  0.0  0.4  0.1  0.0  0.0  0.0  0.0  0.0
    0.3074    1.2600  0.7  0.0  0.5  0.2  0.2  0.2  0.0  0.3  0.1  0.0  0.0  0.0  0.0  0.0
    0.3256    1.2720  0.7  0.0  0.5  0.3  0.2  0.2  0.1  0.4  0.1  0.0  0.0  0.0  0.0  0.0
    0.3449    1.2820  0.7  0.0  0.5  0.2  0.2  0.2  0.0  0.4  0.1  0.0  0.0  0.0  0.0  0.0
    0.3653    1.2750  0.7  0.0  0.5  0.2  0.2  0.2  0.0  0.4  0.1  0.0  0.0  0.0  0.0  0.0
     0.387    1.2960  0.7  0.0  0.4  0.2  0.2  0.2  0.0  0.4  0.1  0.0  0.0  0.0  0.0  0.0
    0.4099    1.3050  0.7  0.0  0.4  0.2  0.2  0.2  0.0  0.3  0.1  0.0  0.0  0.0  0.0  0.0
    0.4342    1.3410  0.7  0.0  0.4  0.2  0.2  0.2  0.0  0.4  0.1  0.0  0.0  0.0  0.0  0.0
    0.4599    1.3750  0.7  0.0  0.4  0.2  0.2  0.2  0.0  0.3  0.1  0.0  0.0  0.0  0.0  0.0
    0.4872    1.4050  0.7  0.0  0.4  0.2  0.2  0.2  0.1  0.3  0.1  0.0  0.0  0.0  0.0  0.0
    0.5161    1.4190  0.7  0.0  0.4  0.2  0.2  0.2  0.1  0.2  0.1  0.0  0.0  0.0  0.0  0.0
    0.5467    1.4110  0.7  0.0  0.4  0.2  0.2  0.2  0.1  0.3  0.1  0.0  0.0  0.0  0.0  0.0
     0.579    1.4390  0.7  0.0  0.4  0.2  0.2  0.2  0.1  0.3  0.1  0.0  0.0  0.0  0.0  0.0
    0.6134    1.4650  0.7  0.0  0.3  0.2  0.2  0.2  0.1  0.3  0.1  0.0  0.0  0.0  0.0  0.0
    0.6497    1.4550  0.7  0.0  0.3  0.2  0.2  0.2  0.1  0.3  0.1  0.0  0.0  0.0  0.0  0.0
    0.6881    1.4740  0.7  0.0  0.3  0.2  0.2  0.2  0.1  0.3  0.1  0.0  0.0  0.0  0.0  0.0
    0.7288    1.4980  0.7  0.0  0.3  0.2  0.2  0.2  0.0  0.3  0.1  0.0  0.0  0.0  0.0  0.0
    0.7721    1.5290  0.7  0.0  0.3  0.2  0.2  0.2  0.0  0.3  0.0  0.0  0.0  0.0  0.0  0.0
    0.8178    1.5450  0.7  0.0  0.3  0.2  0.2  0.2  0.1  0.3  0.1  0.0  0.0  0.0  0.0  0.0
    0.8664    1.5230  0.7  0.0  0.3  0.2  0.2  0.2  0.0  0.3  0.0  0.0  0.0  0.0  0.0  0.0
    0.9177    1.4720  0.7  0.0  0.3  0.2  0.2  0.2  0.0  0.3  0.0  0.0  0.0  0.0  0.0  0.0
    0.9721    1.4410  0.7  0.0  0.3  0.3  0.2  0.2  0.0  0.2  0.0  0.0  0.0  0.0  0.0  0.0
      1.03    1.4520  0.7  0.0  0.3  0.2  0.2  0.2  0.0  0.2  0.0  0.0  0.0  0.0  0.0  0.0
      1.09    1.4780  0.7  0.0  0.3  0.2  0.2  0.2  0.0  0.3  0.0  0.0  0.0  0.0  0.0  0.0
     1.155    1.5060  0.7  0.0  0.3  0.2  0.2  0.2  0.0  0.2  0.0  0.0  0.0  0.0  0.0  0.0
     1.224    1.5340  0.7  0.0  0.3  0.2  0.2  0.2  0.0  0.3  0.0  0.0  0.0  0.0  0.0  0.0
     1.296    1.5680  0.7  0.0  0.3  0.2  0.2  0.2  0.0  0.2  0.0  0.0  0.0  0.0  0.0  0.0
     1.374    1.5940  0.7  0.0  0.3  0.2  0.2  0.2  0.0  0.2  0.0  0.0  0.0  0.0  0.0  0.0
     1.455    1.5840  0.7  0.0  0.3  0.2  0.2  0.2  0.0  0.2  0.0  0.0  0.0  0.0  0.0  0.0
      1.54    1.5880  0.7  0.0  0.3  0.2  0.2  0.2  0.0  0.3  0.1  0.0  0.0  0.0  0.0  0.0
     1.632    1.5760  0.7  0.0  0.3  0.2  0.2  0.2  0.0  0.2  0.0  0.0  0.0  0.0  0.0  0.0
     1.729    1.5620  0.7  0.0  0.3  0.2  0.2  0.2  0.0  0.2  0.0  0.0  0.0  0.0  0.0  0.0
     1.831    1.5660  0.7  0.0  0.3  0.2  0.2  0.2  0.0  0.2  0.1  0.0  0.0  0.0  0.0  0.0
      1.94    1.5590  0.7  0.0  0.3  0.2  0.2  0.2  0.0  0.2  0.0  0.0  0.0  0.0  0.0  0.0
     2.054    1.5560  0.7  0.0  0.3  0.3  0.2  0.2  0.0  0.3  0.0  0.0  0.0  0.0  0.0  0.0
     2.175    1.5610  0.7  0.0  0.3  0.2  0.2  0.2  0.0  0.3  0.1  0.0  0.0  0.0  0.0  0.0
     2.305    1.5540  0.7  0.0  0.3  0.2  0.2  0.2  0.0  0.3  0.0  0.0  0.0  0.0  0.0  0.0
     2.442    1.5400  0.7  0.0  0.3  0.2  0.2  0.2  0.0  0.2  0.0  0.0  0.0  0.0  0.0  0.0
     2.587    1.5420  0.7  0.0  0.3  0.2  0.2  0.2  0.0  0.2  0.0  0.0  0.0  0.0  0.0  0.0
      2.74    1.5470  0.7  0.0  0.3  0.2  0.2  0.2  0.0  0.2  0.0  0.0  0.0  0.0  0.0  0.0
     2.901    1.5500  0.7  0.0  0.3  0.2  0.2  0.2  0.0  0.2  0.1  0.0  0.0  0.0  0.0  0.0
     3.073    1.5570  0.7  0.0  0.3  0.2  0.2  0.2  0.0  0.3  0.0  0.0  0.0  0.0  0.0  0.0
     3.256    1.5710  0.7  0.0  0.3  0.2  0.2  0.2  0.0  0.3  0.0  0.0  0.0  0.0  0.0  0.0
     3.449    1.5670  0.7  0.0  0.3  0.3  0.2  0.2  0.0  0.3  0.0  0.0  0.0  0.0  0.0  0.0
     3.653    1.5700  0.7  0.0  0.3  0.2  0.2  0.2  0.0  0.3  0.0  0.0  0.0  0.0  0.0  0.0
     3.869    1.5600  0.7  0.0  0.3  0.2  0.2  0.2  0.0  0.3  0.0  0.0  0.0  0.0  0.0  0.0
     4.099    1.5880  0.7  0.0  0.3  0.2  0.2  0.2  0.0  0.3  0.0  0.0  0.0  0.0  0.0  0.0
     4.342    1.5860  0.7  0.0  0.3  0.2  0.2  0.2  0.0  0.2  0.0  0.0  0.0  0.0  0.0  0.0
     4.599    1.5880  0.7  0.0  0.3  0.2  0.2  0.2  0.0  0.3  0.0  0.0  0.0  0.0  0.0  0.0
     4.872    1.5980  0.7  0.0  0.3  0.2  0.2  0.2  0.0  0.3  0.0  0.0  0.0  0.0  0.0  0.0
      5.16    1.5980  0.8  0.0  0.3  0.2  0.2  0.2  0.0  0.3  0.0  0.0  0.0  0.0  0.0  0.0
     5.466    1.6260  0.8  0.0  0.3  0.2  0.2  0.2  0.0  0.4  0.0  0.0  0.0  0.0  0.0  0.0
      5.79    1.6540  0.8  0.0  0.4  0.2  0.2  0.2  0.0  0.3  0.0  0.0  0.0  0.0  0.0  0.0
     6.133    1.5940  0.8  0.0  0.3  0.2  0.2  0.2  0.0  0.3  0.0  0.0  0.0  0.0  0.0  0.0
     6.497    1.4860  0.8  0.0  0.3  0.2  0.2  0.2  0.0  0.3  0.0  0.0  0.0  0.0  0.0  0.0
     6.881    1.3950  0.8  0.0  0.3  0.2  0.2  0.2  0.0  0.3  0.0  0.0  0.0  0.0  0.0  0.0
     7.288    1.3330  0.8  0.0  0.3  0.3  0.2  0.2  0.0  0.3  0.1  0.0  0.0  0.0  0.0  0.0
     7.721    1.3090  0.8  0.0  0.3  0.2  0.2  0.2  0.0  0.3  0.1  0.0  0.0  0.0  0.0  0.0
     8.178    1.2920  0.8  0.0  0.3  0.3  0.2  0.2  0.0  0.3  0.1  0.0  0.0  0.0  0.0  0.0
     8.663    1.2960  0.8  0.0  0.3  0.2  0.2  0.2  0.0  0.3  0.1  0.0  0.0  0.0  0.0  0.0
     9.177    1.2940  0.8  0.0  0.4  0.2  0.2  0.2  0.0  0.3  0.1  0.0  0.0  0.0  0.0  0.0
     9.721    1.3070  0.8  0.0  0.4  0.2  0.2  0.2  0.0  0.3  0.1  0.0  0.0  0.0  0.0  0.0
      10.3    1.3130  0.8  0.0  0.4  0.2  0.2  0.2  0.0  0.3  0.1  0.0  0.0  0.0  0.0  0.0
      10.9    1.3270  0.8  0.0  0.4  0.3  0.2  0.2  0.0  0.3  0.1  0.0  0.0  0.0  0.0  0.0
     11.55    1.3240  0.8  0.0  0.4  0.2  0.2  0.2  0.0  0.4  0.1  0.0  0.0  0.0  0.0  0.0
     12.24    1.3070  0.8  0.0  0.4  0.2  0.2  0.2  0.0  0.4  0.1  0.0  0.0  0.0  0.0  0.0
     12.96    1.2740  0.8  0.0  0.4  0.2  0.2  0.2  0.0  0.3  0.1  0.0  0.0  0.0  0.0  0.0
     13.73    1.2140  0.8  0.0  0.4  0.2  0.2  0.2  0.0  0.3  0.1  0.0  0.0  0.0  0.0  0.0
     14.55    1.1660  0.8  0.0  0.5  0.2  0.2  0.2  0.0  0.4  0.1  0.0  0.0  0.0  0.0  0.0
      15.4    1.1360  0.8  0.0  0.5  0.3  0.2  0.2  0.0  0.4  0.1  0.0  0.0  0.0  0.0  0.0
     16.32    1.1300  0.8  0.0  0.5  0.2  0.2  0.2  0.0  0.4  0.1  0.0  0.0  0.0  0.0  0.0
     17.29    1.1480  0.8  0.0  0.5  0.2  0.2  0.2  0.0  0.3  0.1  0.0  0.0  0.0  0.0  0.0
      18.3    1.1520  0.8  0.0  0.5  0.2  0.2  0.2  0.0  0.3  0.1  0.0  0.0  0.0  0.0  0.0
      19.4    1.1640  0.8  0.0  0.5  0.3  0.2  0.2  0.0  0.4  0.1  0.0  0.0  0.0  0.0  0.0
     20.54    1.1660  0.8  0.0  0.5  0.2  0.2  0.2  0.0  0.4  0.1  0.0  0.0  0.0  0.0  0.0
     21.75    1.1380  0.8  0.0  0.5  0.3  0.2  0.2  0.0  0.4  0.1  0.0  0.0  0.0  0.0  0.0
     23.05    1.1180  0.8  0.0  0.5  0.2  0.2  0.2  0.0  0.5  0.1  0.0  0.0  0.0  0.0  0.0
     24.41    1.1070  0.8  0.0  0.5  0.3  0.2  0.2  0.0  0.4  0.1  0.0  0.0  0.0  0.0  0.0
     25.87    1.0890  0.8  0.0  0.5  0.2  0.2  0.2  0.0  0.3  0.1  0.0  0.0  0.0  0.0  0.0
      27.4    1.1110  0.8  0.0  0.5  0.2  0.2  0.2  0.0  0.4  0.1  0.0  0.0  0.0  0.0  0.0
     29.02    1.0950  0.8  0.0  0.5  0.2  0.2  0.2  0.0  0.4  0.1  0.0  0.0  0.0  0.0  0.0
     30.74    1.0940  0.8  0.0  0.5  0.2  0.2  0.2  0.0  0.4  0.1  0.0  0.0  0.0  0.0  0.0
     32.55    1.0850  0.8  0.0  0.5  0.3  0.2  0.2  0.0  0.4  0.1  0.0  0.0  0.0  0.0  0.0
     34.49    1.0900  0.8  0.0  0.5  0.2  0.2  0.2  0.0  0.3  0.1  0.0  0.0  0.0  0.0  0.0
     36.53    1.0770  0.8  0.0  0.5  0.2  0.2  0.2  0.0  0.4  0.1  0.0  0.0  0.0  0.0  0.0
      38.7    1.0890  0.8  0.0  0.5  0.3  0.2  0.2  0.0  0.4  0.1  0.0  0.0  0.0  0.0  0.0
     40.99    1.0690  0.8  0.0  0.5  0.2  0.2  0.2  0.0  0.4  0.1  0.0  0.0  0.0  0.0  0.0
     43.42    1.0900  0.8  0.0  0.5  0.2  0.2  0.2  0.0  0.4  0.1  0.0  0.0  0.0  0.0  0.0
        46    1.0750  0.8  0.0  0.5  0.2  0.2  0.2  0.0  0.5  0.1  0.0  0.0  0.0  0.0  0.0
     48.72    1.0660  0.8  0.0  0.6  0.2  0.2  0.2  0.0  0.4  0.1  0.0  0.0  0.0  0.0  0.0
      51.6    1.0700  0.8  0.0  0.6  0.4  0.1  0.2  0.0  0.5  0.1  0.0  0.0  0.0  0.0  0.0
     54.67    1.0790  0.8  0.0  0.6  0.2  0.1  0.2  0.0  0.4  0.1  0.0  0.0  0.0  0.0  0.0
     57.89    1.0820  0.8  0.0  0.6  0.2  0.1  0.2  0.0  0.5  0.1  0.0  0.0  0.0  0.0  0.0
     61.34    1.0920  0.8  0.0  0.6  0.2  0.1  0.2  0.0  0.4  0.1  0.0  0.0  0.0  0.0  0.0
     64.97    1.0980  0.8  0.0  0.6  0.2  0.1  0.2  0.0  0.5  0.1  0.0  0.0  0.0  0.0  0.0
     68.81    1.0930  0.8  0.0  0.6  0.3  0.1  0.2  0.0  0.5  0.1  0.0  0.0  0.0  0.0  0.0
     72.89    1.0940  0.8  0.0  0.6  0.2  0.1  0.2  0.0  0.4  0.1  0.0  0.0  0.0  0.0  0.0
     77.21    1.0890  0.8  0.0  0.7  0.3  0.1  0.2  0.0  0.4  0.1  0.0  0.0  0.0  0.0  0.0
     81.79    1.0880  0.8  0.0  0.7  0.2  0.1  0.2  0.0  0.6  0.1  0.0  0.0  0.0  0.0  0.0
     86.64    1.0740  0.8  0.0  0.7  0.3  0.1  0.2  0.0  0.4  0.1  0.0  0.0  0.0  0.0  0.0
     91.77    1.0990  0.8  0.0  0.7  0.2  0.1  0.2  0.0  0.5  0.1  0.0  0.0  0.0  0.0  0.0
      97.2    1.1030  0.8  0.0  0.7  0.3  0.1  0.2  0.0  0.5  0.1  0.0  0.0  0.0  0.0  0.0
 600014141515 0 0 0 0 0 0 0 0 0 0 0 0 0 0 0 0
   .1   .7  .0   .0   .0   .0   .0   .0   .0   .0
ESESESESESES
60022025Pu9(n,f)/U5(n,f)        niffteTPC-Dongwi            J,NDS,202,p.30(2025)
 1 4 0 2  9  119  9  8  0  0  0
 UNCERTAINTIES
 1 Energy Unc. explicitly given in EXFOR
 3 Statistical Unc.
 4 Particle Identification unc.
 5 Pu-239 wrap around and thermal background unc.
 6 Residual Detector Efficiency Unc.
 7 Impurity Unc.
 8 Beam-target overlap and non-uniformity unc.
 9 Attenuation unc.
 0.99 0.01 0.50
 0.00 0.00 0.00
 0.00 0.00 0.00
 0.10 0.90 0.01
 0.80 0.20 0.99
 0.00 1.00 0.01
 0.35 0.65 0.80
 0.00 1.00 0.01
 0.50 0.50 0.50
 0.50 0.50 0.50
 0.50 0.50 0.50
  0  0  9  1  1  1  1  1  1  0  0
     0.109    0.9630  0.5  0.0  1.6  1.5  0.6  0.2  0.1  0.5  0.1  0.0  0.0  0.0  0.0  0.0
    0.1155    0.9500  0.5  0.0  1.6  1.7  0.6  0.2  0.1  0.6  0.1  0.0  0.0  0.0  0.0  0.0
    0.1224    0.9957  0.5  0.0  1.4  1.0  0.5  0.2  0.1  0.5  0.1  0.0  0.0  0.0  0.0  0.0
    0.1296    0.9815  0.5  0.0  1.4  1.3  0.5  0.2  0.1  0.5  0.1  0.0  0.0  0.0  0.0  0.0
    0.1373    1.0450  0.5  0.0  1.3  1.1  0.4  0.2  0.1  0.5  0.1  0.0  0.0  0.0  0.0  0.0
    0.1455    1.0710  0.5  0.0  1.3  1.0  0.4  0.2  0.1  0.5  0.1  0.0  0.0  0.0  0.0  0.0
    0.1541    1.0980  0.5  0.0  1.1  0.8  0.3  0.2  0.1  0.5  0.1  0.0  0.0  0.0  0.0  0.0
    0.1632    1.0830  0.5  0.0  1.1  1.2  0.3  0.2  0.1  0.4  0.1  0.0  0.0  0.0  0.0  0.0
    0.1729    1.0910  0.5  0.0  1.1  1.0  0.3  0.2  0.1  0.5  0.1  0.0  0.0  0.0  0.0  0.0
    0.1831    1.1300  0.5  0.0  1.0  0.8  0.3  0.2  0.1  0.4  0.1  0.0  0.0  0.0  0.0  0.0
     0.194    1.0790  0.5  0.0  1.0  0.8  0.3  0.2  0.1  0.4  0.1  0.0  0.0  0.0  0.0  0.0
    0.2054    1.1340  0.5  0.0  0.9  0.8  0.3  0.2  0.1  0.4  0.1  0.0  0.0  0.0  0.0  0.0
    0.2176    1.1870  0.5  0.0  0.9  0.7  0.3  0.2  0.1  0.4  0.1  0.0  0.0  0.0  0.0  0.0
    0.2305    1.2020  0.5  0.0  0.9  0.6  0.3  0.2  0.1  0.3  0.1  0.0  0.0  0.0  0.0  0.0
    0.2441    1.1660  0.5  0.0  0.8  0.7  0.2  0.2  0.1  0.3  0.1  0.0  0.0  0.0  0.0  0.0
    0.2586    1.1980  0.5  0.0  0.8  0.6  0.2  0.2  0.1  0.3  0.1  0.0  0.0  0.0  0.0  0.0
     0.274    1.2630  0.5  0.0  0.8  0.5  0.2  0.2  0.1  0.3  0.1  0.0  0.0  0.0  0.0  0.0
    0.2902    1.2720  0.5  0.0  0.8  0.5  0.2  0.2  0.0  0.3  0.1  0.0  0.0  0.0  0.0  0.0
    0.3074    1.2660  0.5  0.0  0.7  0.5  0.2  0.2  0.0  0.3  0.1  0.0  0.0  0.0  0.0  0.0
    0.3256    1.2820  0.5  0.0  0.7  0.4  0.2  0.2  0.1  0.3  0.1  0.0  0.0  0.0  0.0  0.0
    0.3449    1.2930  0.5  0.0  0.6  0.4  0.2  0.2  0.0  0.3  0.1  0.0  0.0  0.0  0.0  0.0
    0.3653    1.2920  0.5  0.0  0.6  0.3  0.2  0.2  0.0  0.3  0.1  0.0  0.0  0.0  0.0  0.0
     0.387    1.3060  0.5  0.0  0.6  0.3  0.2  0.2  0.0  0.2  0.1  0.0  0.0  0.0  0.0  0.0
    0.4099    1.3050  0.5  0.0  0.6  0.3  0.2  0.2  0.0  0.2  0.1  0.0  0.0  0.0  0.0  0.0
    0.4342    1.3630  0.5  0.0  0.6  0.3  0.2  0.2  0.0  0.2  0.1  0.0  0.0  0.0  0.0  0.0
    0.4599    1.4020  0.5  0.0  0.6  0.4  0.2  0.2  0.0  0.3  0.1  0.0  0.0  0.0  0.0  0.0
    0.4872    1.4070  0.5  0.0  0.5  0.3  0.2  0.2  0.1  0.2  0.1  0.0  0.0  0.0  0.0  0.0
    0.5161    1.4160  0.5  0.0  0.5  0.3  0.2  0.2  0.1  0.2  0.1  0.0  0.0  0.0  0.0  0.0
    0.5466    1.4220  0.5  0.0  0.5  0.3  0.2  0.2  0.1  0.2  0.1  0.0  0.0  0.0  0.0  0.0
     0.579    1.4200  0.5  0.0  0.5  0.2  0.2  0.2  0.1  0.2  0.1  0.0  0.0  0.0  0.0  0.0
    0.6134    1.4750  0.5  0.0  0.5  0.2  0.2  0.2  0.1  0.2  0.1  0.0  0.0  0.0  0.0  0.0
    0.6497    1.4720  0.5  0.0  0.5  0.2  0.2  0.2  0.1  0.2  0.1  0.0  0.0  0.0  0.0  0.0
    0.6881    1.4860  0.5  0.0  0.5  0.2  0.2  0.2  0.1  0.2  0.1  0.0  0.0  0.0  0.0  0.0
    0.7289    1.4960  0.5  0.0  0.4  0.2  0.2  0.2  0.0  0.2  0.1  0.0  0.0  0.0  0.0  0.0
    0.7721    1.5460  0.5  0.0  0.4  0.2  0.2  0.2  0.0  0.2  0.0  0.0  0.0  0.0  0.0  0.0
    0.8178    1.5690  0.5  0.0  0.4  0.2  0.2  0.2  0.1  0.2  0.1  0.0  0.0  0.0  0.0  0.0
    0.8663    1.5250  0.5  0.0  0.4  0.2  0.2  0.2  0.0  0.2  0.0  0.0  0.0  0.0  0.0  0.0
    0.9177    1.4870  0.5  0.0  0.4  0.2  0.2  0.2  0.0  0.2  0.0  0.0  0.0  0.0  0.0  0.0
    0.9721    1.4560  0.5  0.0  0.4  0.2  0.2  0.2  0.0  0.2  0.0  0.0  0.0  0.0  0.0  0.0
      1.03    1.4580  0.5  0.0  0.4  0.2  0.2  0.2  0.0  0.2  0.0  0.0  0.0  0.0  0.0  0.0
     1.091    1.4860  0.5  0.0  0.4  0.2  0.2  0.2  0.0  0.2  0.0  0.0  0.0  0.0  0.0  0.0
     1.155    1.5040  0.5  0.0  0.4  0.2  0.2  0.2  0.0  0.2  0.0  0.0  0.0  0.0  0.0  0.0
     1.224    1.5400  0.5  0.0  0.4  0.2  0.2  0.2  0.0  0.2  0.0  0.0  0.0  0.0  0.0  0.0
     1.296    1.5680  0.5  0.0  0.4  0.3  0.2  0.2  0.0  0.2  0.0  0.0  0.0  0.0  0.0  0.0
     1.373    1.6000  0.5  0.0  0.4  0.2  0.2  0.2  0.0  0.2  0.0  0.0  0.0  0.0  0.0  0.0
     1.454    1.6030  0.5  0.0  0.4  0.2  0.2  0.2  0.0  0.2  0.0  0.0  0.0  0.0  0.0  0.0
      1.54    1.5940  0.5  0.0  0.4  0.2  0.2  0.2  0.0  0.2  0.1  0.0  0.0  0.0  0.0  0.0
     1.632    1.5690  0.5  0.0  0.4  0.2  0.2  0.2  0.0  0.2  0.0  0.0  0.0  0.0  0.0  0.0
     1.728    1.5870  0.5  0.0  0.4  0.3  0.2  0.2  0.0  0.2  0.0  0.0  0.0  0.0  0.0  0.0
     1.831    1.5550  0.5  0.0  0.4  0.2  0.2  0.2  0.0  0.2  0.0  0.0  0.0  0.0  0.0  0.0
      1.94    1.5690  0.5  0.0  0.4  0.2  0.2  0.2  0.0  0.2  0.0  0.0  0.0  0.0  0.0  0.0
     2.054    1.5850  0.5  0.0  0.4  0.2  0.2  0.2  0.0  0.2  0.0  0.0  0.0  0.0  0.0  0.0
     2.176    1.5760  0.5  0.0  0.4  0.2  0.2  0.2  0.0  0.2  0.0  0.0  0.0  0.0  0.0  0.0
     2.305    1.5570  0.5  0.0  0.4  0.2  0.2  0.2  0.0  0.2  0.0  0.0  0.0  0.0  0.0  0.0
     2.442    1.5600  0.5  0.0  0.4  0.2  0.2  0.2  0.0  0.2  0.0  0.0  0.0  0.0  0.0  0.0
     2.587    1.5520  0.5  0.0  0.4  0.2  0.2  0.2  0.0  0.2  0.0  0.0  0.0  0.0  0.0  0.0
      2.74    1.5550  0.5  0.0  0.4  0.2  0.2  0.2  0.0  0.2  0.0  0.0  0.0  0.0  0.0  0.0
     2.901    1.5540  0.5  0.0  0.4  0.2  0.2  0.2  0.0  0.2  0.0  0.0  0.0  0.0  0.0  0.0
     3.074    1.5620  0.5  0.0  0.4  0.2  0.2  0.2  0.0  0.2  0.0  0.0  0.0  0.0  0.0  0.0
     3.256    1.5650  0.5  0.0  0.4  0.2  0.2  0.2  0.0  0.2  0.0  0.0  0.0  0.0  0.0  0.0
     3.449    1.5840  0.5  0.0  0.4  0.2  0.2  0.2  0.0  0.2  0.0  0.0  0.0  0.0  0.0  0.0
     3.653    1.6070  0.5  0.0  0.4  0.2  0.2  0.2  0.0  0.2  0.0  0.0  0.0  0.0  0.0  0.0
     3.869    1.5760  0.5  0.0  0.4  0.2  0.2  0.2  0.0  0.2  0.0  0.0  0.0  0.0  0.0  0.0
     4.099    1.5810  0.5  0.0  0.4  0.2  0.2  0.2  0.0  0.2  0.0  0.0  0.0  0.0  0.0  0.0
     4.342    1.5900  0.5  0.0  0.4  0.2  0.2  0.2  0.0  0.2  0.0  0.0  0.0  0.0  0.0  0.0
     4.599    1.6010  0.5  0.0  0.5  0.2  0.2  0.2  0.0  0.2  0.0  0.0  0.0  0.0  0.0  0.0
     4.872    1.6070  0.5  0.0  0.5  0.2  0.2  0.2  0.0  0.2  0.0  0.0  0.0  0.0  0.0  0.0
      5.16    1.5980  0.5  0.0  0.5  0.2  0.2  0.2  0.0  0.2  0.0  0.0  0.0  0.0  0.0  0.0
     5.466    1.6570  0.5  0.0  0.5  0.2  0.2  0.2  0.0  0.2  0.0  0.0  0.0  0.0  0.0  0.0
      5.79    1.6530  0.5  0.0  0.5  0.2  0.2  0.2  0.0  0.2  0.0  0.0  0.0  0.0  0.0  0.0
     6.133    1.5920  0.5  0.0  0.5  0.2  0.2  0.2  0.0  0.2  0.0  0.0  0.0  0.0  0.0  0.0
     6.496    1.5030  0.5  0.0  0.5  0.2  0.2  0.2  0.0  0.2  0.0  0.0  0.0  0.0  0.0  0.0
     6.881    1.4000  0.5  0.0  0.5  0.2  0.2  0.2  0.0  0.2  0.0  0.0  0.0  0.0  0.0  0.0
     7.289    1.3410  0.5  0.0  0.4  0.2  0.2  0.2  0.0  0.2  0.1  0.0  0.0  0.0  0.0  0.0
     7.721    1.3210  0.5  0.0  0.5  0.2  0.2  0.2  0.0  0.2  0.1  0.0  0.0  0.0  0.0  0.0
     8.178    1.3090  0.5  0.0  0.5  0.2  0.2  0.2  0.0  0.2  0.1  0.0  0.0  0.0  0.0  0.0
     8.663    1.3020  0.5  0.0  0.5  0.2  0.2  0.2  0.0  0.2  0.1  0.0  0.0  0.0  0.0  0.0
     9.177    1.3100  0.5  0.0  0.5  0.2  0.2  0.2  0.0  0.2  0.1  0.0  0.0  0.0  0.0  0.0
     9.721    1.3000  0.5  0.0  0.5  0.2  0.2  0.2  0.0  0.2  0.0  0.0  0.0  0.0  0.0  0.0
     10.29    1.3220  0.5  0.0  0.5  0.2  0.2  0.2  0.0  0.2  0.1  0.0  0.0  0.0  0.0  0.0
     10.91    1.3320  0.5  0.0  0.6  0.2  0.2  0.2  0.0  0.3  0.1  0.0  0.0  0.0  0.0  0.0
     11.55    1.3300  0.5  0.0  0.6  0.2  0.2  0.2  0.0  0.3  0.1  0.0  0.0  0.0  0.0  0.0
     12.24    1.3290  0.5  0.0  0.6  0.2  0.2  0.2  0.0  0.3  0.1  0.0  0.0  0.0  0.0  0.0
     12.96    1.2730  0.5  0.0  0.6  0.2  0.2  0.2  0.0  0.3  0.1  0.0  0.0  0.0  0.0  0.0
     13.73    1.2110  0.5  0.0  0.6  0.2  0.2  0.2  0.0  0.3  0.1  0.0  0.0  0.0  0.0  0.0
     14.55    1.1590  0.5  0.0  0.6  0.2  0.2  0.2  0.0  0.3  0.1  0.0  0.0  0.0  0.0  0.0
     15.41    1.1570  0.5  0.0  0.6  0.2  0.2  0.2  0.0  0.3  0.1  0.0  0.0  0.0  0.0  0.0
     16.32    1.1350  0.5  0.0  0.6  0.2  0.2  0.2  0.0  0.3  0.1  0.0  0.0  0.0  0.0  0.0
     17.29    1.1460  0.5  0.0  0.7  0.2  0.2  0.2  0.0  0.3  0.1  0.0  0.0  0.0  0.0  0.0
     18.31    1.1610  0.5  0.0  0.6  0.2  0.2  0.2  0.0  0.3  0.1  0.0  0.0  0.0  0.0  0.0
     19.39    1.1840  0.5  0.0  0.7  0.2  0.2  0.2  0.0  0.3  0.1  0.0  0.0  0.0  0.0  0.0
     20.54    1.1700  0.5  0.0  0.7  0.2  0.2  0.2  0.0  0.3  0.1  0.0  0.0  0.0  0.0  0.0
     21.76    1.1610  0.5  0.0  0.7  0.2  0.2  0.2  0.0  0.3  0.1  0.0  0.0  0.0  0.0  0.0
     23.05    1.1280  0.5  0.0  0.7  0.2  0.2  0.2  0.0  0.3  0.1  0.0  0.0  0.0  0.0  0.0
     24.41    1.1170  0.5  0.0  0.7  0.2  0.2  0.2  0.0  0.4  0.1  0.0  0.0  0.0  0.0  0.0
     25.87    1.0980  0.5  0.0  0.7  0.2  0.2  0.2  0.0  0.4  0.1  0.0  0.0  0.0  0.0  0.0
     27.39    1.1000  0.5  0.0  0.7  0.2  0.2  0.2  0.0  0.4  0.1  0.0  0.0  0.0  0.0  0.0
     29.02    1.0760  0.5  0.0  0.7  0.2  0.2  0.2  0.0  0.4  0.1  0.0  0.0  0.0  0.0  0.0
     30.73    1.1050  0.5  0.0  0.7  0.2  0.2  0.2  0.0  0.4  0.1  0.0  0.0  0.0  0.0  0.0
     32.56    1.0920  0.5  0.0  0.7  0.2  0.2  0.2  0.0  0.3  0.1  0.0  0.0  0.0  0.0  0.0
     34.49    1.0910  0.5  0.0  0.7  0.2  0.2  0.2  0.0  0.3  0.1  0.0  0.0  0.0  0.0  0.0
     36.53    1.1030  0.5  0.0  0.7  0.3  0.2  0.2  0.0  0.3  0.1  0.0  0.0  0.0  0.0  0.0
      38.7    1.0970  0.5  0.0  0.7  0.3  0.2  0.2  0.0  0.3  0.1  0.0  0.0  0.0  0.0  0.0
     40.99    1.1050  0.5  0.0  0.7  0.2  0.2  0.2  0.0  0.3  0.1  0.0  0.0  0.0  0.0  0.0
     43.42    1.0920  0.5  0.0  0.7  0.2  0.2  0.2  0.0  0.4  0.1  0.0  0.0  0.0  0.0  0.0
        46    1.0920  0.5  0.0  0.7  0.3  0.2  0.2  0.0  0.3  0.1  0.0  0.0  0.0  0.0  0.0
     48.72    1.0750  0.5  0.0  0.8  0.2  0.2  0.2  0.0  0.3  0.1  0.0  0.0  0.0  0.0  0.0
     51.61    1.0780  0.5  0.0  0.8  0.3  0.1  0.2  0.0  0.3  0.1  0.0  0.0  0.0  0.0  0.0
     54.66    1.0860  0.5  0.0  0.8  0.2  0.1  0.2  0.0  0.4  0.1  0.0  0.0  0.0  0.0  0.0
      57.9    1.1130  0.5  0.0  0.8  0.2  0.1  0.2  0.0  0.4  0.1  0.0  0.0  0.0  0.0  0.0
     61.34    1.0830  0.5  0.0  0.8  0.2  0.1  0.2  0.0  0.4  0.1  0.0  0.0  0.0  0.0  0.0
     64.97    1.1180  0.5  0.0  0.8  0.2  0.1  0.2  0.0  0.4  0.1  0.0  0.0  0.0  0.0  0.0
     68.81    1.0800  0.5  0.0  0.8  0.2  0.1  0.2  0.0  0.4  0.1  0.0  0.0  0.0  0.0  0.0
     72.89    1.1000  0.5  0.0  0.8  0.2  0.1  0.2  0.0  0.4  0.1  0.0  0.0  0.0  0.0  0.0
     77.21    1.1100  0.5  0.0  0.9  0.3  0.1  0.2  0.0  0.5  0.1  0.0  0.0  0.0  0.0  0.0
     81.78    1.1150  0.5  0.0  0.9  0.2  0.1  0.2  0.0  0.4  0.1  0.0  0.0  0.0  0.0  0.0
     86.63    1.0970  0.5  0.0  0.9  0.4  0.1  0.2  0.0  0.4  0.1  0.0  0.0  0.0  0.0  0.0
     91.77    1.0920  0.5  0.0  0.9  0.2  0.1  0.2  0.0  0.5  0.1  0.0  0.0  0.0  0.0  0.0
      97.2    1.0810  0.5  0.0  1.0  0.3  0.1  0.2  0.0  0.5  0.1  0.0  0.0  0.0  0.0  0.0
 600014141515 0 0 0 0 0 0 0 0 0 0 0 0 0 0 0 0
   .1   .7  .0   .0   .0   .0   .0   .0   .0   .0
 600114141515161617171818 0 0 0 0 0 0 0 0 0 0 
   1.   .8 1.0  1.0   .5   .0   .0   .0   .0   .0
EBEBEBEBEBEB
60042026U8(n,f)/U5(n,f)         J.Silano                    LLNL-TR2017543(2026)
 1 3 0 0 10    3 10  8  0  0  0
 UNCERTAINTIES
 1 U-235 no. of atoms in sample unc., 2. U-238 no. of atoms in sample unc
 FISSION CHAMBER EFFICIENCY WAS MODELED, INCLUDING FORWARD BOOST.
 ATOM NUMBER RATIO CHARACTERIZED BY ALPHA SPECTROMETER.
 2 Enrsl explicitly given, Eunc is 0.2*Enrsl
 3 Statistical unc. encompasses counting statistics and stat. components
 of off-energy background and det. eff.
 4 Unc. due to misalignment after rotation (correcting forward/boost, beam divergence)
 5 Det. eff. unc. by authors 0.4% (significant MCNP studies)
 6 Background unc. by authors (significant measurement and MCNP studies)
  0.5  0.9  0.0  0.0  0.0  0.0  0.0  0.0  0.0  0.0  1  1  0  0  0  0  0  0  0  0
 0.00 0.00 0.00
 0.00 0.00 0.00
 0.00 0.00 0.00
 0.50 0.50 0.50
 0.50 0.50 0.50
 0.50 0.50 0.50
 0.50 0.50 0.50
 0.50 0.50 0.50
 0.50 0.50 0.50
 0.50 0.50 0.50
 0.50 0.50 0.50
  0  0  9  1  1  1  0  0  0  0  0
       1.8    0.3840  0.8  4.2  1.0  0.1  0.4  0.2  0.0  0.0  0.0  0.0  0.0  0.0
       4.6    0.5110  1.5  7.7  0.8  0.1  0.4  0.2  0.0  0.0  0.0  0.0  0.0  0.0
       6.4    0.5880  0.5  2.3  1.0  0.1  0.4  0.2  0.0  0.0  0.0  0.0  0.0  0.0
ESESESESESES 
60052026Pu9(n,f)/U5(n,f)        J.Silano                    LLNL-TR2017543(2026)
 1 3 0 1 10    1  9  8  0  0  0
 UNCERTAINTIES
 1 U-235 no. of atoms in sample unc., 2. Pu-239 no. of atoms in sample unc
 FISSION CHAMBER EFFICIENCY WAS MODELED, INCLUDING FORWARD BOOST.
 ATOM NUMBER RATIO CHARACTERIZED BY ALPHA SPECTROMETER.
 2 Enrsl explicitly given, Eunc is 0.2*Enrsl
 3 Statistical unc. encompasses counting statistics and stat. components
 of off-energy background and det. eff.
 4 Unc. due to misalignment after rotation (correcting forward/boost, beam divergence)
 5 Det. eff. unc. by authors 0.4% (significant MCNP studies)
 6 Background unc. by authors (significant measurement and MCNP studies)
  0.5  0.6  0.0  0.0  0.0  0.0  0.0  0.0  0.0  0.0  1  1  0  0  0  0  0  0  0  0
 0.00 0.00 0.00
 0.00 0.00 0.00
 0.00 0.00 0.00
 0.50 0.50 0.50
 0.50 0.50 0.50
 0.50 0.50 0.50
 0.50 0.50 0.50
 0.50 0.50 0.50
 0.50 0.50 0.50
 0.50 0.50 0.50
 0.50 0.50 0.50
  0  0  9  1  1  1  0  0  0  0  0
    4.6000    1.5600  1.5  7.7  1.0  0.1  0.4  0.2  0.0  0.0  0.0  0.0  0.0  0.0
6004 1 115151616 0 0 0 0 0 0 0 0 0 0 0 0 0 0
1.0  1.0  1.0   .0   .0   .0   .0   .0   .0   .0
EBEBEBEBEBEB
60072019B10(n,a)/LI6(n,t)       Amaducci et al.             EPJA55,120
 1 4 0 0  6  139  3  1  0  0  0
 UNCERTAINTIES
 3 STATISTICS
 4 Beam attenuation
 5 Forward and backward emission of 6Li and 10B
 6 B-10 background
 The data were normalized with respect to each other from 1-10 eV
 0.00 0.00 0.00
 0.00 0.00 0.00
 0.00 0.00 0.00
 0.50 0.50 0.50
 0.99 0.01 0.50
 0.99 0.01 0.50
 0.99 0.01 0.50
 0.00 0.00 0.00
 0.00 0.00 0.00
 0.00 0.00 0.00
 0.00 0.00 0.00
  0  0  9  1  1  1  0  0  0  0  0
 2.117e-08    4.1095  0.0  0.0  0.4  0.3  0.0  0.2  0.0  0.0  0.0  0.0  0.0  0.0
 2.375e-08    4.0933  0.0  0.0  0.4  0.3  0.0  0.2  0.0  0.0  0.0  0.0  0.0  0.0
 2.665e-08    4.0735  0.0  0.0  0.4  0.3  0.0  0.2  0.0  0.0  0.0  0.0  0.0  0.0
  2.99e-08    4.1005  0.0  0.0  0.3  0.3  0.0  0.2  0.0  0.0  0.0  0.0  0.0  0.0
 3.355e-08    4.0664  0.0  0.0  0.3  0.3  0.0  0.2  0.0  0.0  0.0  0.0  0.0  0.0
 3.765e-08    4.1018  0.0  0.0  0.3  0.3  0.0  0.2  0.0  0.0  0.0  0.0  0.0  0.0
 4.224e-08    4.0925  0.0  0.0  0.3  0.3  0.0  0.2  0.0  0.0  0.0  0.0  0.0  0.0
 4.739e-08    4.0648  0.0  0.0  0.3  0.3  0.0  0.2  0.0  0.0  0.0  0.0  0.0  0.0
 5.318e-08    4.1002  0.0  0.0  0.3  0.3  0.0  0.2  0.0  0.0  0.0  0.0  0.0  0.0
 5.966e-08    4.0730  0.0  0.0  0.3  0.3  0.0  0.2  0.0  0.0  0.0  0.0  0.0  0.0
 6.695e-08    4.0894  0.0  0.0  0.3  0.3  0.0  0.2  0.0  0.0  0.0  0.0  0.0  0.0
 7.511e-08    4.1015  0.0  0.0  0.3  0.3  0.0  0.2  0.0  0.0  0.0  0.0  0.0  0.0
 8.428e-08    4.0951  0.0  0.0  0.3  0.3  0.0  0.2  0.0  0.0  0.0  0.0  0.0  0.0
 9.456e-08    4.0750  0.0  0.0  0.3  0.3  0.0  0.2  0.0  0.0  0.0  0.0  0.0  0.0
 1.061e-07    4.0826  0.0  0.0  0.3  0.3  0.0  0.2  0.0  0.0  0.0  0.0  0.0  0.0
  1.19e-07    4.1023  0.0  0.0  0.3  0.3  0.0  0.2  0.0  0.0  0.0  0.0  0.0  0.0
 1.336e-07    4.0983  0.0  0.0  0.3  0.3  0.0  0.2  0.0  0.0  0.0  0.0  0.0  0.0
 1.499e-07    4.0979  0.0  0.0  0.3  0.3  0.0  0.2  0.0  0.0  0.0  0.0  0.0  0.0
 1.682e-07    4.1042  0.0  0.0  0.4  0.3  0.0  0.2  0.0  0.0  0.0  0.0  0.0  0.0
 1.887e-07    4.0771  0.0  0.0  0.4  0.3  0.0  0.2  0.0  0.0  0.0  0.0  0.0  0.0
 2.117e-07    4.0934  0.0  0.0  0.4  0.3  0.0  0.2  0.0  0.0  0.0  0.0  0.0  0.0
 2.375e-07    4.0807  0.0  0.0  0.4  0.3  0.0  0.2  0.0  0.0  0.0  0.0  0.0  0.0
 2.665e-07    4.0982  0.0  0.0  0.4  0.3  0.0  0.2  0.0  0.0  0.0  0.0  0.0  0.0
  2.99e-07    4.0904  0.0  0.0  0.4  0.3  0.0  0.2  0.0  0.0  0.0  0.0  0.0  0.0
 3.355e-07    4.1208  0.0  0.0  0.4  0.3  0.0  0.2  0.0  0.0  0.0  0.0  0.0  0.0
 3.765e-07    4.1065  0.0  0.0  0.4  0.3  0.0  0.2  0.0  0.0  0.0  0.0  0.0  0.0
 4.224e-07    4.0854  0.0  0.0  0.4  0.3  0.0  0.2  0.0  0.0  0.0  0.0  0.0  0.0
 4.739e-07    4.1244  0.0  0.0  0.4  0.3  0.0  0.2  0.0  0.0  0.0  0.0  0.0  0.0
 5.318e-07    4.0916  0.0  0.0  0.4  0.3  0.0  0.2  0.0  0.0  0.0  0.0  0.0  0.0
 5.966e-07    4.0762  0.0  0.0  0.4  0.3  0.0  0.2  0.0  0.0  0.0  0.0  0.0  0.0
 6.695e-07    4.0614  0.0  0.0  0.4  0.3  0.0  0.2  0.0  0.0  0.0  0.0  0.0  0.0
 7.511e-07    4.0961  0.0  0.0  0.4  0.3  0.0  0.2  0.0  0.0  0.0  0.0  0.0  0.0
 8.428e-07    4.1311  0.0  0.0  0.4  0.3  0.0  0.2  0.0  0.0  0.0  0.0  0.0  0.0
 9.456e-07    4.1149  0.0  0.0  0.4  0.3  0.0  0.2  0.0  0.0  0.0  0.0  0.0  0.0
 1.061e-06    4.1110  0.0  0.0  0.4  0.3  0.0  0.2  0.0  0.0  0.0  0.0  0.0  0.0
  1.19e-06    4.0907  0.0  0.0  0.4  0.3  0.0  0.2  0.0  0.0  0.0  0.0  0.0  0.0
 1.336e-06    4.0916  0.0  0.0  0.4  0.3  0.0  0.2  0.0  0.0  0.0  0.0  0.0  0.0
 1.499e-06    4.1090  0.0  0.0  0.5  0.3  0.0  0.2  0.0  0.0  0.0  0.0  0.0  0.0
 1.682e-06    4.0818  0.0  0.0  0.5  0.3  0.0  0.2  0.0  0.0  0.0  0.0  0.0  0.0
 1.887e-06    4.0992  0.0  0.0  0.5  0.3  0.0  0.2  0.0  0.0  0.0  0.0  0.0  0.0
 2.117e-06    4.1203  0.0  0.0  0.5  0.3  0.0  0.2  0.0  0.0  0.0  0.0  0.0  0.0
 2.375e-06    4.1105  0.0  0.0  0.5  0.3  0.0  0.2  0.0  0.0  0.0  0.0  0.0  0.0
 2.665e-06    4.0682  0.0  0.0  0.5  0.3  0.0  0.2  0.0  0.0  0.0  0.0  0.0  0.0
  2.99e-06    4.0580  0.0  0.0  0.5  0.3  0.0  0.2  0.0  0.0  0.0  0.0  0.0  0.0
 3.355e-06    4.1060  0.0  0.0  0.5  0.3  0.0  0.2  0.0  0.0  0.0  0.0  0.0  0.0
 3.765e-06    4.0858  0.0  0.0  0.5  0.3  0.0  0.2  0.0  0.0  0.0  0.0  0.0  0.0
 4.224e-06    4.0942  0.0  0.0  0.5  0.3  0.0  0.2  0.0  0.0  0.0  0.0  0.0  0.0
 4.739e-06    4.1267  0.0  0.0  0.6  0.3  0.0  0.2  0.0  0.0  0.0  0.0  0.0  0.0
 5.318e-06    4.0891  0.0  0.0  0.6  0.3  0.0  0.2  0.0  0.0  0.0  0.0  0.0  0.0
 5.966e-06    4.1183  0.0  0.0  0.6  0.3  0.0  0.2  0.0  0.0  0.0  0.0  0.0  0.0
 6.695e-06    4.0692  0.0  0.0  0.6  0.3  0.0  0.2  0.0  0.0  0.0  0.0  0.0  0.0
 7.511e-06    4.1228  0.0  0.0  0.6  0.3  0.0  0.2  0.0  0.0  0.0  0.0  0.0  0.0
 8.428e-06    4.0720  0.0  0.0  0.6  0.3  0.0  0.2  0.0  0.0  0.0  0.0  0.0  0.0
 9.456e-06    4.0967  0.0  0.0  0.6  0.3  0.0  0.2  0.0  0.0  0.0  0.0  0.0  0.0
 1.061e-05    4.0977  0.0  0.0  0.6  0.3  0.0  0.2  0.0  0.0  0.0  0.0  0.0  0.0
  1.19e-05    4.1208  0.0  0.0  0.7  0.3  0.0  0.2  0.0  0.0  0.0  0.0  0.0  0.0
 1.336e-05    4.0725  0.0  0.0  0.7  0.3  0.0  0.2  0.0  0.0  0.0  0.0  0.0  0.0
 1.499e-05    4.1086  0.0  0.0  0.7  0.3  0.0  0.2  0.0  0.0  0.0  0.0  0.0  0.0
 1.682e-05    4.1207  0.0  0.0  0.7  0.3  0.0  0.2  0.0  0.0  0.0  0.0  0.0  0.0
 1.887e-05    4.0827  0.0  0.0  0.7  0.3  0.0  0.2  0.0  0.0  0.0  0.0  0.0  0.0
 2.117e-05    4.1451  0.0  0.0  0.7  0.3  0.0  0.2  0.0  0.0  0.0  0.0  0.0  0.0
 2.375e-05    4.0520  0.0  0.0  0.8  0.3  0.0  0.2  0.0  0.0  0.0  0.0  0.0  0.0
 2.665e-05    4.0789  0.0  0.0  0.8  0.3  0.0  0.2  0.0  0.0  0.0  0.0  0.0  0.0
  2.99e-05    4.1165  0.0  0.0  0.8  0.3  0.0  0.2  0.0  0.0  0.0  0.0  0.0  0.0
 3.355e-05    4.0536  0.0  0.0  0.8  0.3  0.0  0.2  0.0  0.0  0.0  0.0  0.0  0.0
 3.765e-05    4.0773  0.0  0.0  0.8  0.3  0.0  0.2  0.0  0.0  0.0  0.0  0.0  0.0
 4.224e-05    4.0758  0.0  0.0  0.9  0.3  0.0  0.2  0.0  0.0  0.0  0.0  0.0  0.0
 4.739e-05    4.0959  0.0  0.0  0.9  0.3  0.0  0.2  0.0  0.0  0.0  0.0  0.0  0.0
 5.318e-05    4.1157  0.0  0.0  0.9  0.3  0.0  0.2  0.0  0.0  0.0  0.0  0.0  0.0
 5.966e-05    4.0507  0.0  0.0  0.9  0.3  0.0  0.2  0.0  0.0  0.0  0.0  0.0  0.0
 6.695e-05    4.1288  0.0  0.0  1.0  0.3  0.0  0.2  0.0  0.0  0.0  0.0  0.0  0.0
 7.511e-05    4.0414  0.0  0.0  1.0  0.3  0.0  0.2  0.0  0.0  0.0  0.0  0.0  0.0
 8.428e-05    3.9981  0.0  0.0  1.0  0.3  0.0  0.2  0.0  0.0  0.0  0.0  0.0  0.0
 9.456e-05    4.0336  0.0  0.0  1.0  0.3  0.0  0.2  0.0  0.0  0.0  0.0  0.0  0.0
 0.0001061    4.1031  0.0  0.0  1.1  0.3  0.0  0.2  0.0  0.0  0.0  0.0  0.0  0.0
  0.000119    4.1169  0.0  0.0  1.1  0.3  0.0  0.2  0.0  0.0  0.0  0.0  0.0  0.0
 0.0001336    4.0675  0.0  0.0  1.1  0.3  0.0  0.2  0.0  0.0  0.0  0.0  0.0  0.0
 0.0001499    4.0386  0.0  0.0  1.2  0.3  0.0  0.2  0.0  0.0  0.0  0.0  0.0  0.0
 0.0001682    4.0595  0.0  0.0  1.2  0.3  0.0  0.2  0.0  0.0  0.0  0.0  0.0  0.0
 0.0001887    4.1162  0.0  0.0  1.2  0.3  0.0  0.2  0.0  0.0  0.0  0.0  0.0  0.0
 0.0002117    4.1252  0.0  0.0  1.2  0.3  0.0  0.2  0.0  0.0  0.0  0.0  0.0  0.0
 0.0002375    4.0621  0.0  0.0  1.3  0.3  0.0  0.2  0.0  0.0  0.0  0.0  0.0  0.0
 0.0002665    4.1650  0.0  0.0  1.3  0.3  0.0  0.2  0.0  0.0  0.0  0.0  0.0  0.0
  0.000299    4.0884  0.0  0.0  1.3  0.3  0.0  0.2  0.0  0.0  0.0  0.0  0.0  0.0
 0.0003355    4.1537  0.0  0.0  1.5  0.3  0.0  0.2  0.0  0.0  0.0  0.0  0.0  0.0
 0.0003765    4.1224  0.0  0.0  1.5  0.3  0.0  0.2  0.0  0.0  0.0  0.0  0.0  0.0
 0.0004224    4.0125  0.0  0.0  1.5  0.3  0.0  0.2  0.0  0.0  0.0  0.0  0.0  0.0
 0.0004739    4.1273  0.0  0.0  1.5  0.3  0.0  0.2  0.0  0.0  0.0  0.0  0.0  0.0
 0.0005318    4.0291  0.0  0.0  1.5  0.3  0.0  0.2  0.0  0.0  0.0  0.0  0.0  0.0
 0.0005966    4.0707  0.0  0.0  1.6  0.3  0.0  0.2  0.0  0.0  0.0  0.0  0.0  0.0
 0.0006695    4.0972  0.0  0.0  1.6  0.3  0.0  0.2  0.0  0.0  0.0  0.0  0.0  0.0
 0.0007511    4.0305  0.0  0.0  1.7  0.3  0.0  0.2  0.0  0.0  0.0  0.0  0.0  0.0
 0.0008428    4.0757  0.0  0.0  1.7  0.3  0.0  0.2  0.0  0.0  0.0  0.0  0.0  0.0
 0.0009456    4.0450  0.0  0.0  1.7  0.3  0.0  0.2  0.0  0.0  0.0  0.0  0.0  0.0
  0.001061    3.9333  0.0  0.0  1.8  0.0  1.0  0.2  0.0  0.0  0.0  0.0  0.0  0.0
   0.00119    4.0690  0.0  0.0  1.9  0.0  1.0  0.2  0.0  0.0  0.0  0.0  0.0  0.0
  0.001336    3.9981  0.0  0.0  1.9  0.0  1.0  0.2  0.0  0.0  0.0  0.0  0.0  0.0
  0.001499    4.0778  0.0  0.0  1.9  0.0  1.0  0.2  0.0  0.0  0.0  0.0  0.0  0.0
  0.001682    3.9990  0.0  0.0  2.0  0.0  1.0  0.2  0.0  0.0  0.0  0.0  0.0  0.0
  0.001887    3.9784  0.0  0.0  2.1  0.0  1.0  0.2  0.0  0.0  0.0  0.0  0.0  0.0
  0.002117    4.1987  0.0  0.0  2.2  0.0  1.0  0.2  0.0  0.0  0.0  0.0  0.0  0.0
  0.002375    4.0191  0.0  0.0  2.3  0.0  1.0  0.2  0.0  0.0  0.0  0.0  0.0  0.0
  0.002665    4.2824  0.0  0.0  2.3  0.0  1.0  0.2  0.0  0.0  0.0  0.0  0.0  0.0
   0.00299    4.0294  0.0  0.0  2.3  0.0  1.0  0.2  0.0  0.0  0.0  0.0  0.0  0.0
  0.003355    4.0856  0.0  0.0  2.4  0.0  1.0  0.2  0.0  0.0  0.0  0.0  0.0  0.0
  0.003765    3.9447  0.0  0.0  2.4  0.0  1.0  0.2  0.0  0.0  0.0  0.0  0.0  0.0
  0.004224    3.9758  0.0  0.0  2.5  0.0  1.0  0.2  0.0  0.0  0.0  0.0  0.0  0.0
  0.004739    3.9955  0.0  0.0  2.6  0.0  1.0  0.2  0.0  0.0  0.0  0.0  0.0  0.0
  0.005318    4.0290  0.0  0.0  2.6  0.0  1.0  0.2  0.0  0.0  0.0  0.0  0.0  0.0
  0.005966    4.1816  0.0  0.0  2.7  0.0  1.0  0.2  0.0  0.0  0.0  0.0  0.0  0.0
  0.006695    4.0540  0.0  0.0  2.7  0.0  1.0  0.2  0.0  0.0  0.0  0.0  0.0  0.0
  0.007511    4.0475  0.0  0.0  2.8  0.0  1.0  0.2  0.0  0.0  0.0  0.0  0.0  0.0
  0.008428    4.1285  0.0  0.0  2.9  0.0  1.0  0.2  0.0  0.0  0.0  0.0  0.0  0.0
  0.009456    3.9883  0.0  0.0  2.9  0.0  1.0  0.2  0.0  0.0  0.0  0.0  0.0  0.0
   0.01061    3.8194  0.0  0.0  3.1  0.0  1.0  0.2  0.0  0.0  0.0  0.0  0.0  0.0
    0.0119    3.7453  0.0  0.0  3.2  0.0  1.0  0.2  0.0  0.0  0.0  0.0  0.0  0.0
   0.01336    3.7563  0.0  0.0  3.2  0.0  1.0  0.2  0.0  0.0  0.0  0.0  0.0  0.0
   0.01499    3.9608  0.0  0.0  3.2  0.0  1.0  0.2  0.0  0.0  0.0  0.0  0.0  0.0
   0.01682    3.9439  0.0  0.0  3.3  0.0  1.0  0.2  0.0  0.0  0.0  0.0  0.0  0.0
   0.01887    3.8950  0.0  0.0  3.3  0.0  1.0  0.2  0.0  0.0  0.0  0.0  0.0  0.0
   0.02117    3.8815  0.0  0.0  3.4  0.0  1.0  0.2  0.0  0.0  0.0  0.0  0.0  0.0
   0.02375    3.9808  0.0  0.0  3.4  0.0  1.0  0.2  0.0  0.0  0.0  0.0  0.0  0.0
   0.02665    4.0586  0.0  0.0  3.4  0.0  1.0  0.2  0.0  0.0  0.0  0.0  0.0  0.0
    0.0299    4.0686  0.0  0.0  3.3  0.0  1.0  0.2  0.0  0.0  0.0  0.0  0.0  0.0
   0.03355    3.7961  0.0  0.0  4.3  0.0  1.0  0.2  0.0  0.0  0.0  0.0  0.0  0.0
   0.03765    3.7499  0.0  0.0  4.6  0.0  1.0  0.2  0.0  0.0  0.0  0.0  0.0  0.0
   0.04224    3.8805  0.0  0.0  4.0  0.0  1.0  0.2  0.0  0.0  0.0  0.0  0.0  0.0
   0.04739    3.7592  0.0  0.0  3.9  0.0  1.0  0.2  0.0  0.0  0.0  0.0  0.0  0.0
   0.05318    3.8923  0.0  0.0  3.8  0.0  1.0  0.2  0.0  0.0  0.0  0.0  0.0  0.0
   0.05966    3.4504  0.0  0.0  3.8  0.0  1.0  0.2  0.0  0.0  0.0  0.0  0.0  0.0
   0.06695    3.6331  0.0  0.0  3.7  0.0  1.0  0.2  0.0  0.0  0.0  0.0  0.0  0.0
   0.07511    3.4115  0.0  0.0  3.7  0.0  1.0  0.2  0.0  0.0  0.0  0.0  0.0  0.0
   0.08428    3.4255  0.0  0.0  4.4  0.0  1.0  0.2  0.0  0.0  0.0  0.0  0.0  0.0
   0.09456    3.2509  0.0  0.0  4.4  0.0  1.0  0.2  0.0  0.0  0.0  0.0  0.0  0.0
    0.1061    3.1818  0.0  0.0  3.8  0.0  1.0  0.2  0.0  0.0  0.0  0.0  0.0  0.0
     0.119    2.6875  0.0  0.0  3.8  0.0  1.0  0.2  0.0  0.0  0.0  0.0  0.0  0.0
    0.1336    2.2498  0.0  0.0  3.5  0.0  1.0  0.2  0.0  0.0  0.0  0.0  0.0  0.0
    0.1499    1.8266  0.0  0.0  4.2  0.0  1.0  0.2  0.0  0.0  0.0  0.0  0.0  0.0
    0.1682    1.4554  0.0  0.0  3.8  0.0  1.0  0.2  0.0  0.0  0.0  0.0  0.0  0.0
ESESESESESES 
60142019U5(n,f)/LI6(n,t)        Amaducci et al.             EPJA55,120
 1 4 0 1  6   50  8  1  0  0  0
 UNCERTAINTIES
 3 STATISTICS
 4 Beam attenuation
 5 Forward and backward emission of 6Li and 10B (det. eff. unc.)
 6 Background (10% of correction)
 The data were normalized with respect to each other from 1-10 eV and are thus treated as shape.
 0.00 0.00 0.00
 0.00 0.00 0.00
 0.00 0.00 0.00
 0.50 0.50 0.50
 0.99 0.01 0.50
 0.99 0.01 0.50
 0.99 0.01 0.50
 0.00 0.00 0.00
 0.00 0.00 0.00
 0.00 0.00 0.00
 0.00 0.00 0.00
  0  0  9  1  1  1  0  0  0  0  0
  2.53e-08     0.639  0.0  0.0  0.7  0.3  0.0  0.2  0.0  0.0  0.0  0.0  0.0  0.0
   0.00025     1.668  0.0  0.0  0.2  0.3  0.0  0.2  0.0  0.0  0.0  0.0  0.0  0.0
   0.00035     2.118  0.0  0.0  0.3  0.3  0.0  0.2  0.0  0.0  0.0  0.0  0.0  0.0
   0.00045     1.731  0.0  0.0  0.4  0.3  0.0  0.2  0.0  0.0  0.0  0.0  0.0  0.0
   0.00055     1.932  0.0  0.0  0.4  0.3  0.0  0.2  0.0  0.0  0.0  0.0  0.0  0.0
   0.00065     2.283  0.0  0.0  0.4  0.3  0.0  0.2  0.0  0.0  0.0  0.0  0.0  0.0
   0.00075     1.923  0.0  0.0  0.5  0.3  0.0  0.2  0.0  0.0  0.0  0.0  0.0  0.0
   0.00085     2.099  0.0  0.0  0.5  0.3  0.0  0.2  0.0  0.0  0.0  0.0  0.0  0.0
   0.00095     1.546  0.0  0.0  0.5  0.3  0.0  0.2  0.0  0.0  0.0  0.0  0.0  0.0
    0.0015     1.822  0.0  0.0  0.3  0.0  1.0  0.2  0.0  0.0  0.0  0.0  0.0  0.0
   0.00189     1.946  0.0  0.0  2.0  0.0  1.0  0.2  0.0  0.0  0.0  0.0  0.0  0.0
   0.00212     1.728  0.0  0.0  2.2  0.0  1.0  0.2  0.0  0.0  0.0  0.0  0.0  0.0
  0.002375     1.944  0.0  0.0  2.2  0.0  1.0  0.2  0.0  0.0  0.0  0.0  0.0  0.0
  0.002665     1.895  0.0  0.0  2.2  0.0  1.0  0.2  0.0  0.0  0.0  0.0  0.0  0.0
   0.00299     1.887  0.0  0.0  2.2  0.0  1.0  0.2  0.0  0.0  0.0  0.0  0.0  0.0
  0.003355     1.904  0.0  0.0  2.2  0.0  1.0  0.2  0.0  0.0  0.0  0.0  0.0  0.0
  0.003765     1.823  0.0  0.0  2.3  0.0  1.0  0.2  0.0  0.0  0.0  0.0  0.0  0.0
  0.004225     1.973  0.0  0.0  2.3  0.0  1.0  0.2  0.0  0.0  0.0  0.0  0.0  0.0
   0.00474     1.917  0.0  0.0  2.4  0.0  1.0  0.2  0.0  0.0  0.0  0.0  0.0  0.0
  0.005315     1.853  0.0  0.0  2.5  0.0  1.0  0.2  0.0  0.0  0.0  0.0  0.0  0.0
  0.005965     1.795  0.0  0.0  2.7  0.0  1.0  0.2  0.0  0.0  0.0  0.0  0.0  0.0
  0.006695     1.825  0.0  0.0  2.6  0.0  1.0  0.2  0.0  0.0  0.0  0.0  0.0  0.0
   0.00751     1.858  0.0  0.0  2.7  0.0  1.0  0.2  0.0  0.0  0.0  0.0  0.0  0.0
  0.008425     1.864  0.0  0.0  2.7  0.0  1.0  0.2  0.0  0.0  0.0  0.0  0.0  0.0
  0.009455       1.9  0.0  0.0  2.8  0.0  1.0  0.2  0.0  0.0  0.0  0.0  0.0  0.0
    0.0106     1.881  0.0  0.0  2.8  0.0  1.0  0.2  0.0  0.0  0.0  0.0  0.0  0.0
    0.0119     1.886  0.0  0.0  2.9  0.0  1.0  0.2  0.0  0.0  0.0  0.0  0.0  0.0
   0.01335     2.041  0.0  0.0  2.8  0.0  1.0  0.2  0.0  0.0  0.0  0.0  0.0  0.0
   0.01495     1.952  0.0  0.0  2.9  0.0  1.0  0.2  0.0  0.0  0.0  0.0  0.0  0.0
    0.0168     1.949  0.0  0.0  3.0  0.0  1.0  0.2  0.0  0.0  0.0  0.0  0.0  0.0
    0.0189     2.198  0.0  0.0  2.9  0.0  1.0  0.2  0.0  0.0  0.0  0.0  0.0  0.0
    0.0212     2.131  0.0  0.0  3.0  0.0  1.0  0.2  0.0  0.0  0.0  0.0  0.0  0.0
   0.02375     2.095  0.0  0.0  3.0  0.0  1.0  0.2  0.0  0.0  0.0  0.0  0.0  0.0
   0.02665     2.186  0.0  0.0  3.0  0.0  1.0  0.2  0.0  0.0  0.0  0.0  0.0  0.0
    0.0299      2.37  0.0  0.0  2.8  0.0  1.0  0.2  0.0  0.0  0.0  0.0  0.0  0.0
   0.03355     2.386  0.0  0.0  3.6  0.0  1.0  0.2  0.0  0.0  0.0  0.0  0.0  0.0
   0.03765     2.223  0.0  0.0  3.9  0.0  1.0  0.2  0.0  0.0  0.0  0.0  0.0  0.0
   0.04225      2.41  0.0  0.0  3.3  0.0  1.0  0.2  0.0  0.0  0.0  0.0  0.0  0.0
    0.0474     2.512  0.0  0.0  3.1  0.0  1.0  0.2  0.0  0.0  0.0  0.0  0.0  0.0
   0.05315     2.542  0.0  0.0  3.1  0.0  1.0  0.2  0.0  0.0  0.0  0.0  0.0  0.0
   0.05965     2.655  0.0  0.0  2.9  0.0  1.0  0.2  0.0  0.0  0.0  0.0  0.0  0.0
   0.06695     2.595  0.0  0.0  2.9  0.0  1.0  0.2  0.0  0.0  0.0  0.0  0.0  0.0
    0.0751     2.454  0.0  0.0  2.9  0.0  1.0  0.2  0.0  0.0  0.0  0.0  0.0  0.0
   0.08425     2.517  0.0  0.0  3.4  0.0  1.0  0.2  0.0  0.0  0.0  0.0  0.0  0.0
   0.09455     2.518  0.0  0.0  3.3  0.0  1.0  0.2  0.0  0.0  0.0  0.0  0.0  0.0
     0.106     2.412  0.0  0.0  2.8  0.0  1.0  0.2  0.0  0.0  0.0  0.0  0.0  0.0
     0.119     2.099  0.0  0.0  2.8  0.0  1.0  0.2  0.0  0.0  0.0  0.0  0.0  0.0
    0.1335     1.807  0.0  0.0  2.6  0.0  1.0  0.2  0.0  0.0  0.0  0.0  0.0  0.0
    0.1495     1.465  0.0  0.0  3.0  0.0  1.0  0.2  0.0  0.0  0.0  0.0  0.0  0.0
     0.168     1.249  0.0  0.0  2.6  0.0  1.0  0.2  0.0  0.0  0.0  0.0  0.0  0.0
600714141515 0 0 0 0 0 0 0 0 0 0 0 0 0 0 0 0
1.0  1.0   .0   .0   .0   .0   .0   .0   .0   .0
EBEBEBEBEBEB
60082025U5(n,f)                 Pirovano (n_TOF)            J,PLB,860(2025)
 1 1 0 0 58   29  8  0  0  0  0
 UNCERTAINTIES
 1 Normal. unc.: impurity+U5 normalization, U5 areal density
 det. eff. (extrapolate below threshold), flux (distance)
 flux (efficiency), impurity (H), beam profile, beam transmission
 2 Energy resl explicitly given in EXFOR
 3 Statistical Unc.
 4 Energy dependent syst. unc. (uncorrelated to Manna PPAC)
 5 Energy dependent syst. unc. (correlated to Manna PPAC)
 6 Multiple scatt. and attenuation unc.
 MONITOR  1-H-1(N,EL)1-H-1,,DA,P by  R.A.Arndt,S,NEANDC-305,39,1991
 n-p scattering cross section in the centre-of-mass
 system for proton at 20 and 25 deg in the laboratory
 system in LA150 library (VL40 wave analysis energy
 dependent phase-shift solution of Arndt above 26 MeV)
 interpolated by MCNP
 Tlab (MeV)  sigma,cm (mb/srm) 20.0 deg 25.0 deg
 20.0           151.1773             143.0919
 25.0           119.6774             112.3854
 30.0            98.2831              91.4940
 35.0            82.9424              76.5152
 40.0            71.5839              65.3763
 45.0            62.8253              56.8485
 50.0            55.9827              50.1418
 55.0            50.5020              44.8111
 60.0            46.0731              40.4603
 65.0            42.4019              36.9134
 70.0            39.3703              33.9688
 75.0            36.8074              31.5020
 80.0            34.6420              29.4214
 85.0            32.7947              27.6482
 90.0            31.2097              26.1335
 95.0            29.8372              24.8245
 100.0            28.6440              23.6949
 110.0            26.6841              21.8386
 120.0            25.1544              20.3961
 130.0            23.9333              19.2479
 140.0            22.9368              18.3085
 150.0            22.1063              17.5243
 160.0            21.3968              16.8537
 170.0            20.7786              16.2632
 180.0            20.2285              15.7369
 190.0            19.7309              15.2568
 200.0            19.2700              14.8089
 210.0            18.8391              14.3918
 220.0            18.4333              13.9956
 230.0            18.0407              13.6170
 240.0            17.6676              13.2522
 250.0            17.3040              12.8977
 260.0            16.9518              12.5551
 270.0            16.6048              12.2189
 280.0            16.2674              11.8915
 290.0            15.9355              11.5723
 300.0            15.6067              11.2609
 310.0            15.2859              10.9539
 320.0            14.9683              10.6510
 330.0            14.6563              10.3578
 340.0            14.3475              10.0676
 350.0            14.0429               9.7806
  1.0  0.6  2.9  0.8  2.4  1.5  0.5  0.5  0.0  0.0  1  1  1  1  1  1  1  1  0  0
 0.99 0.01 0.50
 0.00 0.00 0.00
 0.00 0.00 0.00
 0.10 0.90 0.01
 0.00 1.00 0.01
 0.99 0.01 0.50
 0.50 0.50 0.50
 0.50 0.50 0.50
 0.50 0.50 0.50
 0.50 0.50 0.50
 0.50 0.50 0.50
  0  0  9  1  1  1  0  0  0  0  0
     29.22    2.1750  0.0  2.4  3.5  2.2  0.0  0.4  0.0  0.0  0.0  0.0  0.0  0.0  0.0  0.0
     30.68    2.1310  0.0  2.4  3.4  2.2  0.0  0.4  0.0  0.0  0.0  0.0  0.0  0.0  0.0  0.0
     32.21    2.1580  0.0  2.5  3.4  2.2  0.0  0.4  0.0  0.0  0.0  0.0  0.0  0.0  0.0  0.0
     33.82    2.1740  0.0  2.5  2.3  2.4  0.0  0.4  0.0  0.0  0.0  0.0  0.0  0.0  0.0  0.0
     35.51    2.0870  0.0  2.5  2.3  2.4  0.0  0.4  0.0  0.0  0.0  0.0  0.0  0.0  0.0  0.0
     37.29    2.1050  0.0  2.4  2.4  2.4  0.0  0.4  0.0  0.0  0.0  0.0  0.0  0.0  0.0  0.0
     39.16    1.9870  0.0  2.4  2.5  1.3  1.3  0.4  0.0  0.0  0.0  0.0  0.0  0.0  0.0  0.0
     41.12    1.9680  0.0  2.5  2.6  1.3  1.3  0.4  0.0  0.0  0.0  0.0  0.0  0.0  0.0  0.0
     43.17    1.9620  0.0  2.4  2.8  1.3  1.3  0.4  0.0  0.0  0.0  0.0  0.0  0.0  0.0  0.0
     45.33    2.0250  0.0  2.4  2.1  1.3  1.3  0.4  0.0  0.0  0.0  0.0  0.0  0.0  0.0  0.0
     47.59    2.0340  0.0  2.4  2.3  1.3  1.3  0.4  0.0  0.0  0.0  0.0  0.0  0.0  0.0  0.0
     49.97    1.8800  0.0  2.4  2.4  1.3  1.3  0.4  0.0  0.0  0.0  0.0  0.0  0.0  0.0  0.0
     52.73    1.9460  0.0  2.9  2.2  1.6  0.9  0.4  0.0  0.0  0.0  0.0  0.0  0.0  0.0  0.0
     55.89    1.8940  0.0  2.9  2.4  1.6  0.9  0.4  0.0  0.0  0.0  0.0  0.0  0.0  0.0  0.0
     59.25    1.8700  0.0  2.9  2.6  1.6  0.9  0.4  0.0  0.0  0.0  0.0  0.0  0.0  0.0  0.0
      62.8    1.8290  0.0  2.9  2.8  1.6  0.9  0.4  0.0  0.0  0.0  0.0  0.0  0.0  0.0  0.0
     66.57    1.8050  0.0  2.9  2.9  1.6  0.9  0.4  0.0  0.0  0.0  0.0  0.0  0.0  0.0  0.0
     70.57    1.7690  0.0  2.9  3.1  1.8  0.9  0.4  0.0  0.0  0.0  0.0  0.0  0.0  0.0  0.0
      74.8    1.7170  0.0  2.9  3.4  1.8  0.9  0.4  0.0  0.0  0.0  0.0  0.0  0.0  0.0  0.0
     79.28    1.7610  0.0  2.9  3.6  1.8  0.9  0.4  0.0  0.0  0.0  0.0  0.0  0.0  0.0  0.0
     84.04    1.6970  0.0  2.9  3.7  1.8  0.9  0.4  0.0  0.0  0.0  0.0  0.0  0.0  0.0  0.0
     89.09    1.6850  0.0  2.9  4.2  1.8  0.9  0.4  0.0  0.0  0.0  0.0  0.0  0.0  0.0  0.0
     94.43    1.5860  0.0  2.9  4.2  1.8  0.9  0.4  0.0  0.0  0.0  0.0  0.0  0.0  0.0  0.0
     100.1    1.5690  0.0  2.9  5.0  1.6  0.9  0.4  0.0  0.0  0.0  0.0  0.0  0.0  0.0  0.0
     106.6    1.5910  0.0  3.4  6.6  1.6  0.4  0.4  0.0  0.0  0.0  0.0  0.0  0.0  0.0  0.0
     114.1    1.5160  0.0  3.4  6.9  1.6  0.4  0.4  0.0  0.0  0.0  0.0  0.0  0.0  0.0  0.0
     122.1    1.4980  0.0  3.4  7.7  1.6  0.4  0.4  0.0  0.0  0.0  0.0  0.0  0.0  0.0  0.0
     130.6    1.4540  0.0  3.4  7.0  1.6  0.4  0.4  0.0  0.0  0.0  0.0  0.0  0.0  0.0  0.0
     139.8    1.4980  0.0  3.4  7.4  1.6  0.4  0.4  0.0  0.0  0.0  0.0  0.0  0.0  0.0  0.0
ESESESESESES
60092025U5(n,f)                 Manna (n_TOF)               J,PLB,860(2025)
 1 1 0 1 57   44  8  0  0  0  0
 UNCERTAINTIES
 1 Normal. unc.: sample mass, reconstruction of FF trjectories
 empty, empty, empty, impurity (H), beam profile, beam transmission
 2 Energy resl explicitly given in EXFOR
 3 Statistical Unc.
 4 Energy dependent syst. unc. (uncorrelated to Pirovano PPFC)
 5 Energy dependent syst. unc. (correlated to Pirovano PPAC)
 6 Multiple scatt. and attenuation unc.
 MONITOR  1-H-1(N,EL)1-H-1,,DA,P by  R.A.Arndt,S,NEANDC-305,39,1991
 n-p scattering cross section in the centre-of-mass
 system for proton at 20 and 25 deg in the laboratory
 system in LA150 library (VL40 wave analysis energy
 dependent phase-shift solution of Arndt above 26 MeV)
 interpolated by MCNP
 Tlab (MeV)  sigma,cm (mb/srm) 20.0 deg 25.0 deg
 20.0           151.1773             143.0919
 25.0           119.6774             112.3854
 30.0            98.2831              91.4940
 35.0            82.9424              76.5152
 40.0            71.5839              65.3763
 45.0            62.8253              56.8485
 50.0            55.9827              50.1418
 55.0            50.5020              44.8111
 60.0            46.0731              40.4603
 65.0            42.4019              36.9134
 70.0            39.3703              33.9688
 75.0            36.8074              31.5020
 80.0            34.6420              29.4214
 85.0            32.7947              27.6482
 90.0            31.2097              26.1335
 95.0            29.8372              24.8245
 100.0            28.6440              23.6949
 110.0            26.6841              21.8386
 120.0            25.1544              20.3961
 130.0            23.9333              19.2479
 140.0            22.9368              18.3085
 150.0            22.1063              17.5243
 160.0            21.3968              16.8537
 170.0            20.7786              16.2632
 180.0            20.2285              15.7369
 190.0            19.7309              15.2568
 200.0            19.2700              14.8089
 210.0            18.8391              14.3918
 220.0            18.4333              13.9956
 230.0            18.0407              13.6170
 240.0            17.6676              13.2522
 250.0            17.3040              12.8977
 260.0            16.9518              12.5551
 270.0            16.6048              12.2189
 280.0            16.2674              11.8915
 290.0            15.9355              11.5723
 300.0            15.6067              11.2609
 310.0            15.2859              10.9539
 320.0            14.9683              10.6510
 330.0            14.6563              10.3578
 340.0            14.3475              10.0676
 350.0            14.0429               9.7806
  1.0  0.4  0.0  0.0  0.0  1.5  0.5  0.5  0.0  0.0  1  1  0  0  0  1  1  1  0  0
 0.99 0.01 0.50
 0.00 0.00 0.00
 0.00 0.00 0.00
 0.10 0.90 0.01
 0.00 1.00 0.01
 0.99 0.01 0.50
 0.50 0.50 0.50
 0.50 0.50 0.50
 0.50 0.50 0.50
 0.50 0.50 0.50
 0.50 0.50 0.50
  0  0  9  1  1  1  0  0  0  0  0
     10.63    1.7950  0.0  5.9  4.9  6.4  0.0  0.4  0.0  0.0  0.0  0.0  0.0  0.0  0.0  0.0
     11.95    1.7680  0.0  5.9  4.1  6.4  0.0  0.4  0.0  0.0  0.0  0.0  0.0  0.0  0.0  0.0
     13.44    1.8870  0.0  5.9  3.8  6.4  0.0  0.4  0.0  0.0  0.0  0.0  0.0  0.0  0.0  0.0
     15.12    2.0400  0.0  5.9  3.6  6.4  0.0  0.4  0.0  0.0  0.0  0.0  0.0  0.0  0.0  0.0
     17.01    2.0940  0.0  5.9  3.3  6.4  0.0  0.4  0.0  0.0  0.0  0.0  0.0  0.0  0.0  0.0
     19.14    1.9820  0.0  5.9  2.6  6.4  0.0  0.4  0.0  0.0  0.0  0.0  0.0  0.0  0.0  0.0
     21.86    2.1120  0.0  7.3  2.4  6.4  0.0  0.4  0.0  0.0  0.0  0.0  0.0  0.0  0.0  0.0
      25.3    2.1340  0.0  7.3  2.5  6.4  0.0  0.4  0.0  0.0  0.0  0.0  0.0  0.0  0.0  0.0
     39.16    2.0070  0.0  2.4  3.1  3.2  1.3  0.4  0.0  0.0  0.0  0.0  0.0  0.0  0.0  0.0
     41.12    1.9910  0.0  2.5  3.4  3.2  1.3  0.4  0.0  0.0  0.0  0.0  0.0  0.0  0.0  0.0
     43.17    1.9250  0.0  2.4  3.4  3.2  1.3  0.4  0.0  0.0  0.0  0.0  0.0  0.0  0.0  0.0
     45.33    1.9720  0.0  2.4  3.4  3.2  1.3  0.4  0.0  0.0  0.0  0.0  0.0  0.0  0.0  0.0
     47.59    1.8740  0.0  2.4  3.6  3.2  1.3  0.4  0.0  0.0  0.0  0.0  0.0  0.0  0.0  0.0
     49.97    1.9160  0.0  2.4  3.5  3.2  1.3  0.4  0.0  0.0  0.0  0.0  0.0  0.0  0.0  0.0
     52.73    1.8260  0.0  2.9  3.4  3.2  0.9  0.4  0.0  0.0  0.0  0.0  0.0  0.0  0.0  0.0
     55.89    1.8470  0.0  2.9  2.9  3.2  0.9  0.4  0.0  0.0  0.0  0.0  0.0  0.0  0.0  0.0
     59.25    1.7970  0.0  2.9  2.9  3.2  0.9  0.4  0.0  0.0  0.0  0.0  0.0  0.0  0.0  0.0
      62.8    1.8000  0.0  2.9  3.0  3.2  0.9  0.4  0.0  0.0  0.0  0.0  0.0  0.0  0.0  0.0
     66.57    1.7440  0.0  2.9  3.1  3.2  0.9  0.4  0.0  0.0  0.0  0.0  0.0  0.0  0.0  0.0
     70.57    1.6970  0.0  2.9  3.2  3.2  0.9  0.4  0.0  0.0  0.0  0.0  0.0  0.0  0.0  0.0
      74.8    1.6960  0.0  2.9  3.2  3.2  0.9  0.4  0.0  0.0  0.0  0.0  0.0  0.0  0.0  0.0
     79.28    1.6420  0.0  2.9  3.3  3.2  0.9  0.4  0.0  0.0  0.0  0.0  0.0  0.0  0.0  0.0
     84.04    1.6710  0.0  2.9  2.9  3.2  0.9  0.4  0.0  0.0  0.0  0.0  0.0  0.0  0.0  0.0
     89.09    1.6320  0.0  2.9  2.8  3.2  0.9  0.4  0.0  0.0  0.0  0.0  0.0  0.0  0.0  0.0
     94.43    1.6270  0.0  2.9  2.9  3.2  0.9  0.4  0.0  0.0  0.0  0.0  0.0  0.0  0.0  0.0
     100.1    1.7070  0.0  2.9  2.8  3.2  0.9  0.4  0.0  0.0  0.0  0.0  0.0  0.0  0.0  0.0
     106.6    1.6020  0.0  3.4  2.7  3.3  0.4  0.4  0.0  0.0  0.0  0.0  0.0  0.0  0.0  0.0
     114.1    1.5400  0.0  3.4  2.9  3.4  0.4  0.4  0.0  0.0  0.0  0.0  0.0  0.0  0.0  0.0
     122.1    1.5280  0.0  3.4  2.9  3.4  0.4  0.4  0.0  0.0  0.0  0.0  0.0  0.0  0.0  0.0
     130.6    1.5230  0.0  3.4  3.0  3.4  0.4  0.4  0.0  0.0  0.0  0.0  0.0  0.0  0.0  0.0
     139.8    1.4420  0.0  3.4  3.0  3.4  0.4  0.4  0.0  0.0  0.0  0.0  0.0  0.0  0.0  0.0
     149.5    1.5190  0.0  3.4  2.9  3.9  0.0  0.4  0.0  0.0  0.0  0.0  0.0  0.0  0.0  0.0
     161.6    1.5350  0.0  4.3  2.7  3.9  0.0  0.4  0.0  0.0  0.0  0.0  0.0  0.0  0.0  0.0
     176.1    1.3960  0.0  4.3  2.9  4.0  0.0  0.4  0.0  0.0  0.0  0.0  0.0  0.0  0.0  0.0
     191.9    1.5050  0.0  4.3  2.9  4.0  0.0  0.4  0.0  0.0  0.0  0.0  0.0  0.0  0.0  0.0
     209.2    1.5230  0.0  4.3  3.0  4.1  0.0  0.4  0.0  0.0  0.0  0.0  0.0  0.0  0.0  0.0
       228    1.4480  0.0  4.3  3.1  4.1  0.0  0.4  0.0  0.0  0.0  0.0  0.0  0.0  0.0  0.0
     248.6    1.4530  0.0  4.3  3.2  4.0  0.0  0.4  0.0  0.0  0.0  0.0  0.0  0.0  0.0  0.0
     270.9    1.4070  0.0  4.3  3.3  4.0  0.0  0.4  0.0  0.0  0.0  0.0  0.0  0.0  0.0  0.0
     295.3    1.5790  0.0  4.3  3.4  4.0  0.0  0.4  0.0  0.0  0.0  0.0  0.0  0.0  0.0  0.0
     321.9    1.3780  0.0  4.3  3.5  4.1  0.0  0.4  0.0  0.0  0.0  0.0  0.0  0.0  0.0  0.0
     350.9    1.5010  0.0  4.3  3.6  4.1  0.0  0.4  0.0  0.0  0.0  0.0  0.0  0.0  0.0  0.0
     384.3    1.6200  0.0  4.8  3.6  4.1  0.0  0.4  0.0  0.0  0.0  0.0  0.0  0.0  0.0  0.0
     422.7    1.4810  0.0  4.8  3.7  4.1  0.0  0.4  0.0  0.0  0.0  0.0  0.0  0.0  0.0  0.0
 6008 6 6 7 7 8 81515 0 0 0 0 0 0 0 0 0 0 0 0 
   1.0  1.0 1.0  1.0   .0   .0   .0   .0   .0   .0
EBEBEBEBEBEB
60062025Pu9(n,f)/U5(n,f)        Sanchez-Caballero (n_TOF)   J,PLB,872(2026)
 1 4 0 0  8  226  9  8  0  0  0
 UNCERTAINTIES
 1 Energy Unc. from ARIADNE, Ersl from https://doi.org/10.1140/epja/s10050-025-01727-x 
 3 Statistical Unc.
 4 Ang. distr. + forward-boost per priv. comm.
 5 mult. scatt+attenuation per templates
 6 Neutron flux unc. which is syst. unc. in PLB (priv. comm.)
 deadtime, background unc. are 0
 impurity unc. <.02% because 99.9-pure Pu9 sample
 0.99 0.01 0.50
 0.00 0.00 0.00
 0.00 0.00 0.00
 0.10 0.90 0.01
 0.00 1.00 0.01
 0.99 0.01 0.50
 0.50 0.50 0.50
 0.50 0.50 0.50
 0.50 0.50 0.50
 0.50 0.50 0.50
 0.50 0.50 0.50
  0  0  9  1  1  1  1  1  1  0  0
    0.1526    1.0258  0.0  0.0  3.3  0.0  0.2  2.7  0.0  0.0  0.0  0.0  0.0  0.0  0.0  0.0
    0.1555    1.0810  0.0  0.0  3.2  0.0  0.2  2.7  0.0  0.0  0.0  0.0  0.0  0.0  0.0  0.0
    0.1584    0.9969  0.0  0.0  3.4  0.0  0.2  2.7  0.0  0.0  0.0  0.0  0.0  0.0  0.0  0.0
    0.1614    1.1746  0.0  0.0  3.0  0.0  0.2  2.7  0.0  0.0  0.0  0.0  0.0  0.0  0.0  0.0
    0.1644    1.0919  0.0  0.0  3.0  0.0  0.2  2.7  0.0  0.0  0.0  0.0  0.0  0.0  0.0  0.0
    0.1675    1.0352  0.0  0.0  3.0  0.0  0.2  2.7  0.0  0.0  0.0  0.0  0.0  0.0  0.0  0.0
    0.1706    1.0379  0.0  0.0  2.9  0.0  0.2  2.7  0.0  0.0  0.0  0.0  0.0  0.0  0.0  0.0
    0.1738    1.0798  0.0  0.0  2.8  0.0  0.2  2.6  0.0  0.0  0.0  0.0  0.0  0.0  0.0  0.0
    0.1771    1.0386  0.0  0.0  2.8  0.0  0.2  2.6  0.0  0.0  0.0  0.0  0.0  0.0  0.0  0.0
    0.1804    1.1611  0.0  0.0  2.7  0.0  0.2  2.6  0.0  0.0  0.0  0.0  0.0  0.0  0.0  0.0
    0.1838    1.0678  0.0  0.0  2.7  0.0  0.2  2.6  0.0  0.0  0.0  0.0  0.0  0.0  0.0  0.0
    0.1872    1.0070  0.0  0.0  2.8  0.0  0.2  2.7  0.0  0.0  0.0  0.0  0.0  0.0  0.0  0.0
    0.1907    1.0933  0.0  0.0  2.7  0.0  0.2  2.7  0.0  0.0  0.0  0.0  0.0  0.0  0.0  0.0
    0.1943    1.1033  0.0  0.0  2.7  0.0  0.2  2.7  0.0  0.0  0.0  0.0  0.0  0.0  0.0  0.0
    0.1979    1.0901  0.0  0.0  2.7  0.0  0.2  2.7  0.0  0.0  0.0  0.0  0.0  0.0  0.0  0.0
    0.2016    1.1011  0.0  0.0  2.8  0.0  0.2  2.7  0.0  0.0  0.0  0.0  0.0  0.0  0.0  0.0
    0.2054    1.1036  0.0  0.0  2.8  0.0  0.2  2.7  0.0  0.0  0.0  0.0  0.0  0.0  0.0  0.0
    0.2092    1.1872  0.0  0.0  2.7  0.0  0.2  2.7  0.0  0.0  0.0  0.0  0.0  0.0  0.0  0.0
    0.2131    1.1453  0.0  0.0  2.7  0.0  0.2  2.7  0.0  0.0  0.0  0.0  0.0  0.0  0.0  0.0
    0.2171    1.1352  0.0  0.0  2.7  0.0  0.2  2.7  0.0  0.0  0.0  0.0  0.0  0.0  0.0  0.0
    0.2212    1.1425  0.0  0.0  2.7  0.0  0.2  2.7  0.0  0.0  0.0  0.0  0.0  0.0  0.0  0.0
    0.2253    1.1915  0.0  0.0  2.6  0.0  0.2  2.7  0.0  0.0  0.0  0.0  0.0  0.0  0.0  0.0
    0.2296    1.2102  0.0  0.0  2.5  0.0  0.2  2.7  0.0  0.0  0.0  0.0  0.0  0.0  0.0  0.0
    0.2339    1.2092  0.0  0.0  2.4  0.0  0.2  2.7  0.0  0.0  0.0  0.0  0.0  0.0  0.0  0.0
    0.2382    1.1366  0.0  0.0  2.5  0.0  0.2  2.7  0.0  0.0  0.0  0.0  0.0  0.0  0.0  0.0
    0.2427    1.1613  0.0  0.0  2.4  0.0  0.2  2.7  0.0  0.0  0.0  0.0  0.0  0.0  0.0  0.0
    0.2472    1.1631  0.0  0.0  2.4  0.0  0.2  2.7  0.0  0.0  0.0  0.0  0.0  0.0  0.0  0.0
    0.2519    1.2191  0.0  0.0  2.3  0.0  0.2  2.7  0.0  0.0  0.0  0.0  0.0  0.0  0.0  0.0
    0.2566    1.1191  0.0  0.0  2.4  0.0  0.2  2.7  0.0  0.0  0.0  0.0  0.0  0.0  0.0  0.0
    0.2614    1.2030  0.0  0.0  2.3  0.0  0.2  2.7  0.0  0.0  0.0  0.0  0.0  0.0  0.0  0.0
    0.2663    1.1692  0.0  0.0  2.3  0.0  0.2  2.7  0.0  0.0  0.0  0.0  0.0  0.0  0.0  0.0
    0.2713    1.2653  0.0  0.0  2.2  0.0  0.2  2.7  0.0  0.0  0.0  0.0  0.0  0.0  0.0  0.0
    0.2763    1.2915  0.0  0.0  2.4  0.0  0.2  2.7  0.0  0.0  0.0  0.0  0.0  0.0  0.0  0.0
    0.2815    1.2105  0.0  0.0  2.5  0.0  0.2  2.7  0.0  0.0  0.0  0.0  0.0  0.0  0.0  0.0
    0.2868    1.2516  0.0  0.0  2.5  0.0  0.2  2.7  0.0  0.0  0.0  0.0  0.0  0.0  0.0  0.0
    0.2921    1.3145  0.0  0.0  2.3  0.0  0.2  2.7  0.0  0.0  0.0  0.0  0.0  0.0  0.0  0.0
    0.2976    1.2866  0.0  0.0  2.3  0.0  0.2  2.7  0.0  0.0  0.0  0.0  0.0  0.0  0.0  0.0
    0.3032    1.2671  0.0  0.0  2.3  0.0  0.2  2.7  0.0  0.0  0.0  0.0  0.0  0.0  0.0  0.0
    0.3089    1.2684  0.0  0.0  2.3  0.0  0.2  2.7  0.0  0.0  0.0  0.0  0.0  0.0  0.0  0.0
    0.3146    1.2248  0.0  0.0  2.3  0.0  0.2  2.7  0.0  0.0  0.0  0.0  0.0  0.0  0.0  0.0
    0.3205    1.2865  0.0  0.0  2.2  0.0  0.2  2.7  0.0  0.0  0.0  0.0  0.0  0.0  0.0  0.0
    0.3265    1.2879  0.0  0.0  2.1  0.0  0.2  2.7  0.0  0.0  0.0  0.0  0.0  0.0  0.0  0.0
    0.3327    1.3133  0.0  0.0  2.0  0.0  0.2  2.7  0.0  0.0  0.0  0.0  0.0  0.0  0.0  0.0
    0.3389    1.2825  0.0  0.0  2.1  0.0  0.2  2.7  0.0  0.0  0.0  0.0  0.0  0.0  0.0  0.0
    0.3452    1.2610  0.0  0.0  2.1  0.0  0.2  2.7  0.0  0.0  0.0  0.0  0.0  0.0  0.0  0.0
    0.3517    1.2538  0.0  0.0  2.2  0.0  0.2  2.7  0.0  0.0  0.0  0.0  0.0  0.0  0.0  0.0
    0.3583    1.3314  0.0  0.0  2.1  0.0  0.2  2.7  0.0  0.0  0.0  0.0  0.0  0.0  0.0  0.0
     0.365    1.1618  0.0  0.0  2.3  0.0  0.2  2.7  0.0  0.0  0.0  0.0  0.0  0.0  0.0  0.0
    0.3718    1.2034  0.0  0.0  2.2  0.0  0.2  2.7  0.0  0.0  0.0  0.0  0.0  0.0  0.0  0.0
    0.3788    1.3616  0.0  0.0  2.0  0.0  0.2  2.7  0.0  0.0  0.0  0.0  0.0  0.0  0.0  0.0
    0.3859    1.2584  0.0  0.0  2.1  0.0  0.2  2.7  0.0  0.0  0.0  0.0  0.0  0.0  0.0  0.0
    0.3931    1.2878  0.0  0.0  2.1  0.0  0.2  2.7  0.0  0.0  0.0  0.0  0.0  0.0  0.0  0.0
    0.4004    1.2766  0.0  0.0  2.2  0.0  0.2  2.7  0.0  0.0  0.0  0.0  0.0  0.0  0.0  0.0
    0.4079    1.3370  0.0  0.0  2.2  0.0  0.2  2.7  0.0  0.0  0.0  0.0  0.0  0.0  0.0  0.0
    0.4156    1.3313  0.0  0.0  2.4  0.0  0.2  2.7  0.0  0.0  0.0  0.0  0.0  0.0  0.0  0.0
    0.4233    1.3373  0.0  0.0  2.5  0.0  0.2  2.7  0.0  0.0  0.0  0.0  0.0  0.0  0.0  0.0
    0.4313    1.3787  0.0  0.0  2.5  0.0  0.2  2.7  0.0  0.0  0.0  0.0  0.0  0.0  0.0  0.0
    0.4393    1.2768  0.0  0.0  2.4  0.0  0.2  2.7  0.0  0.0  0.0  0.0  0.0  0.0  0.0  0.0
    0.4476    1.3247  0.0  0.0  2.2  0.0  0.2  2.7  0.0  0.0  0.0  0.0  0.0  0.0  0.0  0.0
     0.456    1.3812  0.0  0.0  2.1  0.0  0.2  2.7  0.0  0.0  0.0  0.0  0.0  0.0  0.0  0.0
    0.4645    1.3846  0.0  0.0  1.9  0.0  0.2  2.8  0.0  0.0  0.0  0.0  0.0  0.0  0.0  0.0
    0.4732    1.3176  0.0  0.0  1.9  0.0  0.2  2.8  0.0  0.0  0.0  0.0  0.0  0.0  0.0  0.0
     0.482    1.3674  0.0  0.0  1.7  0.0  0.2  2.8  0.0  0.0  0.0  0.0  0.0  0.0  0.0  0.0
    0.4911    1.4224  0.0  0.0  1.7  0.0  0.2  2.8  0.0  0.0  0.0  0.0  0.0  0.0  0.0  0.0
    0.5003    1.4170  0.0  0.0  1.6  0.0  0.2  2.8  0.0  0.0  0.0  0.0  0.0  0.0  0.0  0.0
    0.5096    1.4426  0.0  0.0  1.7  0.0  0.2  2.8  0.0  0.0  0.0  0.0  0.0  0.0  0.0  0.0
    0.5192    1.4104  0.0  0.0  1.8  0.0  0.2  2.8  0.0  0.0  0.0  0.0  0.0  0.0  0.0  0.0
    0.5289    1.3417  0.0  0.0  1.8  0.0  0.2  2.8  0.0  0.0  0.0  0.0  0.0  0.0  0.0  0.0
    0.5388    1.4210  0.0  0.0  1.7  0.0  0.2  2.8  0.0  0.0  0.0  0.0  0.0  0.0  0.0  0.0
    0.5489    1.4667  0.0  0.0  1.6  0.0  0.2  2.8  0.0  0.0  0.0  0.0  0.0  0.0  0.0  0.0
    0.5591    1.3858  0.0  0.0  1.7  0.0  0.2  2.8  0.0  0.0  0.0  0.0  0.0  0.0  0.0  0.0
    0.5696    1.3973  0.0  0.0  1.7  0.0  0.2  2.8  0.0  0.0  0.0  0.0  0.0  0.0  0.0  0.0
    0.5803    1.4077  0.0  0.0  1.7  0.0  0.2  2.8  0.0  0.0  0.0  0.0  0.0  0.0  0.0  0.0
    0.5911    1.3766  0.0  0.0  1.7  0.0  0.2  2.8  0.0  0.0  0.0  0.0  0.0  0.0  0.0  0.0
    0.6022    1.4707  0.0  0.0  1.6  0.0  0.2  2.9  0.0  0.0  0.0  0.0  0.0  0.0  0.0  0.0
    0.6135    1.3999  0.0  0.0  1.7  0.0  0.2  2.9  0.0  0.0  0.0  0.0  0.0  0.0  0.0  0.0
     0.625    1.4283  0.0  0.0  1.7  0.0  0.2  2.9  0.0  0.0  0.0  0.0  0.0  0.0  0.0  0.0
    0.6367    1.4544  0.0  0.0  1.6  0.0  0.2  2.9  0.0  0.0  0.0  0.0  0.0  0.0  0.0  0.0
    0.6486    1.4090  0.0  0.0  1.7  0.0  0.2  2.9  0.0  0.0  0.0  0.0  0.0  0.0  0.0  0.0
    0.6607    1.5093  0.0  0.0  1.6  0.0  0.2  2.9  0.0  0.0  0.0  0.0  0.0  0.0  0.0  0.0
    0.6731    1.4560  0.0  0.0  1.5  0.0  0.2  2.9  0.0  0.0  0.0  0.0  0.0  0.0  0.0  0.0
    0.6857    1.4019  0.0  0.0  1.6  0.0  0.2  2.9  0.0  0.0  0.0  0.0  0.0  0.0  0.0  0.0
    0.6985    1.4814  0.0  0.0  1.5  0.0  0.2  2.9  0.0  0.0  0.0  0.0  0.0  0.0  0.0  0.0
    0.7116    1.4292  0.0  0.0  1.6  0.0  0.2  2.9  0.0  0.0  0.0  0.0  0.0  0.0  0.0  0.0
    0.7249    1.4817  0.0  0.0  1.6  0.0  0.2  2.9  0.0  0.0  0.0  0.0  0.0  0.0  0.0  0.0
    0.7385    1.5052  0.0  0.0  1.5  0.0  0.2  2.9  0.0  0.0  0.0  0.0  0.0  0.0  0.0  0.0
    0.7523    1.4997  0.0  0.0  1.5  0.0  0.2  2.9  0.0  0.0  0.0  0.0  0.0  0.0  0.0  0.0
    0.7664    1.5259  0.0  0.0  1.5  0.0  0.2  2.9  0.0  0.0  0.0  0.0  0.0  0.0  0.0  0.0
    0.7807    1.4576  0.0  0.0  1.6  0.0  0.2  2.9  0.0  0.0  0.0  0.0  0.0  0.0  0.0  0.0
    0.7953    1.5969  0.0  0.0  1.6  0.0  0.2  3.0  0.0  0.0  0.0  0.0  0.0  0.0  0.0  0.0
    0.8102    1.4230  0.0  0.0  1.7  0.0  0.2  3.0  0.0  0.0  0.0  0.0  0.0  0.0  0.0  0.0
    0.8254    1.5786  0.0  0.0  1.6  0.0  0.2  3.0  0.0  0.0  0.0  0.0  0.0  0.0  0.0  0.0
    0.8409    1.5443  0.0  0.0  1.6  0.0  0.2  3.0  0.0  0.0  0.0  0.0  0.0  0.0  0.0  0.0
    0.8566    1.4471  0.0  0.0  1.6  0.0  0.2  3.0  0.0  0.0  0.0  0.0  0.0  0.0  0.0  0.0
    0.8726    1.4978  0.0  0.0  1.5  0.0  0.2  3.0  0.0  0.0  0.0  0.0  0.0  0.0  0.0  0.0
     0.889    1.4864  0.0  0.0  1.5  0.0  0.2  3.0  0.0  0.0  0.0  0.0  0.0  0.0  0.0  0.0
    0.9056    1.4453  0.0  0.0  1.5  0.0  0.2  3.0  0.0  0.0  0.0  0.0  0.0  0.0  0.0  0.0
    0.9226    1.4255  0.0  0.0  1.5  0.0  0.2  3.0  0.0  0.0  0.0  0.0  0.0  0.0  0.0  0.0
    0.9398    1.4132  0.0  0.0  1.6  0.0  0.2  3.0  0.0  0.0  0.0  0.0  0.0  0.0  0.0  0.0
    0.9574    1.4832  0.0  0.0  1.6  0.0  0.2  3.0  0.0  0.0  0.0  0.0  0.0  0.0  0.0  0.0
    0.9753    1.4092  0.0  0.0  1.7  0.0  0.2  3.0  0.0  0.0  0.0  0.0  0.0  0.0  0.0  0.0
    0.9936    1.4943  0.0  0.0  1.6  0.0  0.2  3.0  0.0  0.0  0.0  0.0  0.0  0.0  0.0  0.0
     1.012    1.4395  0.0  0.0  1.7  0.0  0.2  3.0  0.0  0.0  0.0  0.0  0.0  0.0  0.0  0.0
     1.031    1.4305  0.0  0.0  1.6  0.0  0.2  3.1  0.0  0.0  0.0  0.0  0.0  0.0  0.0  0.0
      1.05    1.4271  0.0  0.0  1.5  0.0  0.2  3.1  0.0  0.0  0.0  0.0  0.0  0.0  0.0  0.0
      1.07    1.5198  0.0  0.0  1.4  0.0  0.2  3.1  0.0  0.0  0.0  0.0  0.0  0.0  0.0  0.0
      1.09    1.4894  0.0  0.0  1.4  0.0  0.2  3.1  0.0  0.0  0.0  0.0  0.0  0.0  0.0  0.0
     1.111    1.4203  0.0  0.0  1.5  0.0  0.2  3.1  0.0  0.0  0.0  0.0  0.0  0.0  0.0  0.0
     1.131    1.4784  0.0  0.0  1.4  0.0  0.2  3.1  0.0  0.0  0.0  0.0  0.0  0.0  0.0  0.0
     1.153    1.4543  0.0  0.0  1.5  0.0  0.2  3.1  0.0  0.0  0.0  0.0  0.0  0.0  0.0  0.0
     1.174    1.4492  0.0  0.0  1.4  0.0  0.2  3.1  0.0  0.0  0.0  0.0  0.0  0.0  0.0  0.0
     1.196    1.5747  0.0  0.0  1.3  0.0  0.2  3.1  0.0  0.0  0.0  0.0  0.0  0.0  0.0  0.0
     1.218    1.4977  0.0  0.0  1.4  0.0  0.2  3.1  0.0  0.0  0.0  0.0  0.0  0.0  0.0  0.0
     1.241    1.5678  0.0  0.0  1.3  0.0  0.2  3.1  0.0  0.0  0.0  0.0  0.0  0.0  0.0  0.0
     1.265    1.5504  0.0  0.0  1.4  0.0  0.2  3.1  0.0  0.0  0.0  0.0  0.0  0.0  0.0  0.0
     1.288    1.4964  0.0  0.0  1.4  0.0  0.2  3.2  0.0  0.0  0.0  0.0  0.0  0.0  0.0  0.0
     1.312    1.5331  0.0  0.0  1.4  0.0  0.2  3.2  0.0  0.0  0.0  0.0  0.0  0.0  0.0  0.0
     1.337    1.6192  0.0  0.0  1.3  0.0  0.2  3.2  0.0  0.0  0.0  0.0  0.0  0.0  0.0  0.0
     1.362    1.5834  0.0  0.0  1.3  0.0  0.2  3.2  0.0  0.0  0.0  0.0  0.0  0.0  0.0  0.0
     1.387    1.5641  0.0  0.0  1.3  0.0  0.2  3.2  0.0  0.0  0.0  0.0  0.0  0.0  0.0  0.0
     1.413    1.5996  0.0  0.0  1.3  0.0  0.2  3.2  0.0  0.0  0.0  0.0  0.0  0.0  0.0  0.0
      1.44    1.5699  0.0  0.0  1.3  0.0  0.2  3.2  0.0  0.0  0.0  0.0  0.0  0.0  0.0  0.0
     1.467    1.6073  0.0  0.0  1.3  0.0  0.2  3.2  0.0  0.0  0.0  0.0  0.0  0.0  0.0  0.0
     1.494    1.5786  0.0  0.0  1.3  0.0  0.2  3.2  0.0  0.0  0.0  0.0  0.0  0.0  0.0  0.0
     1.522    1.5544  0.0  0.0  1.3  0.0  0.2  3.2  0.0  0.0  0.0  0.0  0.0  0.0  0.0  0.0
     1.551    1.6023  0.0  0.0  1.3  0.0  0.2  3.3  0.0  0.0  0.0  0.0  0.0  0.0  0.0  0.0
      1.58    1.5219  0.0  0.0  1.3  0.0  0.2  3.3  0.0  0.0  0.0  0.0  0.0  0.0  0.0  0.0
     1.609    1.5862  0.0  0.0  1.3  0.0  0.2  3.3  0.0  0.0  0.0  0.0  0.0  0.0  0.0  0.0
     1.639    1.5481  0.0  0.0  1.3  0.0  0.2  3.3  0.0  0.0  0.0  0.0  0.0  0.0  0.0  0.0
      1.67    1.6134  0.0  0.0  1.3  0.0  0.2  3.3  0.0  0.0  0.0  0.0  0.0  0.0  0.0  0.0
     1.701    1.5169  0.0  0.0  1.4  0.0  0.2  3.3  0.0  0.0  0.0  0.0  0.0  0.0  0.0  0.0
     1.733    1.4293  0.0  0.0  1.4  0.0  0.2  3.3  0.0  0.0  0.0  0.0  0.0  0.0  0.0  0.0
     1.766    1.5455  0.0  0.0  1.3  0.0  0.2  3.3  0.0  0.0  0.0  0.0  0.0  0.0  0.0  0.0
     1.799    1.5785  0.0  0.0  1.2  0.0  0.2  3.3  0.0  0.0  0.0  0.0  0.0  0.0  0.0  0.0
     1.832    1.4673  0.0  0.0  1.3  0.0  0.2  3.3  0.0  0.0  0.0  0.0  0.0  0.0  0.0  0.0
     1.867    1.5961  0.0  0.0  1.3  0.0  0.2  3.4  0.0  0.0  0.0  0.0  0.0  0.0  0.0  0.0
     1.902    1.4589  0.0  0.0  1.4  0.0  0.2  3.4  0.0  0.0  0.0  0.0  0.0  0.0  0.0  0.0
     1.937    1.5097  0.0  0.0  1.4  0.0  0.2  3.4  0.0  0.0  0.0  0.0  0.0  0.0  0.0  0.0
     1.973    1.5856  0.0  0.0  1.3  0.0  0.2  3.4  0.0  0.0  0.0  0.0  0.0  0.0  0.0  0.0
      2.01    1.5147  0.0  0.0  1.4  0.0  0.2  3.4  0.0  0.0  0.0  0.0  0.0  0.0  0.0  0.0
     2.048    1.5589  0.0  0.0  1.4  0.0  0.2  3.4  0.0  0.0  0.0  0.0  0.0  0.0  0.0  0.0
     2.086    1.5449  0.0  0.0  1.4  0.0  0.2  3.4  0.0  0.0  0.0  0.0  0.0  0.0  0.0  0.0
     2.125    1.5315  0.0  0.0  1.4  0.0  0.2  3.4  0.0  0.0  0.0  0.0  0.0  0.0  0.0  0.0
     2.165    1.5538  0.0  0.0  1.4  0.0  0.2  3.5  0.0  0.0  0.0  0.0  0.0  0.0  0.0  0.0
     2.206    1.4994  0.0  0.0  1.4  0.0  0.2  3.5  0.0  0.0  0.0  0.0  0.0  0.0  0.0  0.0
     2.247    1.5593  0.0  0.0  1.4  0.0  0.2  3.5  0.0  0.0  0.0  0.0  0.0  0.0  0.0  0.0
     2.289    1.4884  0.0  0.0  1.5  0.0  0.2  3.5  0.0  0.0  0.0  0.0  0.0  0.0  0.0  0.0
     2.332    1.5770  0.0  0.0  1.4  0.0  0.2  3.5  0.0  0.0  0.0  0.0  0.0  0.0  0.0  0.0
     2.376    1.4666  0.0  0.0  1.5  0.0  0.2  3.5  0.0  0.0  0.0  0.0  0.0  0.0  0.0  0.0
      2.42    1.5477  0.0  0.0  1.4  0.0  0.2  3.5  0.0  0.0  0.0  0.0  0.0  0.0  0.0  0.0
     2.465    1.4519  0.0  0.0  1.5  0.0  0.2  3.5  0.0  0.0  0.0  0.0  0.0  0.0  0.0  0.0
     2.512    1.5414  0.0  0.0  1.5  0.0  0.2  3.6  0.0  0.0  0.0  0.0  0.0  0.0  0.0  0.0
     2.559    1.5094  0.0  0.0  1.6  0.0  0.2  3.6  0.0  0.0  0.0  0.0  0.0  0.0  0.0  0.0
     2.606    1.5576  0.0  0.0  1.6  0.0  0.2  3.6  0.0  0.0  0.0  0.0  0.0  0.0  0.0  0.0
     2.655    1.5825  0.0  0.0  1.6  0.0  0.2  3.6  0.0  0.0  0.0  0.0  0.0  0.0  0.0  0.0
     2.705    1.6223  0.0  0.0  1.6  0.0  0.2  3.6  0.0  0.0  0.0  0.0  0.0  0.0  0.0  0.0
     2.756    1.4764  0.0  0.0  1.7  0.0  0.2  3.6  0.0  0.0  0.0  0.0  0.0  0.0  0.0  0.0
     2.807    1.5768  0.0  0.0  1.7  0.0  0.2  3.6  0.0  0.0  0.0  0.0  0.0  0.0  0.0  0.0
      2.86    1.4805  0.0  0.0  1.8  0.0  0.2  3.7  0.0  0.0  0.0  0.0  0.0  0.0  0.0  0.0
     2.913    1.5590  0.0  0.0  1.8  0.0  0.2  3.7  0.0  0.0  0.0  0.0  0.0  0.0  0.0  0.0
     2.968    1.5191  0.0  0.0  1.8  0.0  0.1  3.7  0.0  0.0  0.0  0.0  0.0  0.0  0.0  0.0
     3.023    1.5615  0.0  0.0  1.8  0.0  0.1  3.7  0.0  0.0  0.0  0.0  0.0  0.0  0.0  0.0
      3.08    1.5051  0.0  0.0  1.9  0.0  0.1  3.7  0.0  0.0  0.0  0.0  0.0  0.0  0.0  0.0
     3.138    1.5875  0.0  0.0  1.9  0.0  0.1  3.7  0.0  0.0  0.0  0.0  0.0  0.0  0.0  0.0
     3.196    1.5072  0.0  0.0  2.0  0.1  0.1  3.8  0.0  0.0  0.0  0.0  0.0  0.0  0.0  0.0
     3.256    1.5404  0.0  0.0  2.1  0.1  0.1  3.8  0.0  0.0  0.0  0.0  0.0  0.0  0.0  0.0
     3.317    1.5344  0.0  0.0  2.1  0.1  0.1  3.8  0.0  0.0  0.0  0.0  0.0  0.0  0.0  0.0
     3.379    1.6642  0.0  0.0  2.0  0.1  0.1  3.8  0.0  0.0  0.0  0.0  0.0  0.0  0.0  0.0
     3.443    1.4578  0.0  0.0  2.2  0.1  0.1  3.8  0.0  0.0  0.0  0.0  0.0  0.0  0.0  0.0
     3.507    1.5153  0.0  0.0  2.2  0.1  0.1  3.8  0.0  0.0  0.0  0.0  0.0  0.0  0.0  0.0
     3.573    1.5339  0.0  0.0  2.3  0.2  0.1  3.8  0.0  0.0  0.0  0.0  0.0  0.0  0.0  0.0
     3.639    1.5328  0.0  0.0  2.3  0.2  0.1  3.8  0.0  0.0  0.0  0.0  0.0  0.0  0.0  0.0
     3.708    1.5550  0.0  0.0  2.3  0.2  0.1  3.9  0.0  0.0  0.0  0.0  0.0  0.0  0.0  0.0
     3.777    1.5679  0.0  0.0  2.3  0.2  0.1  3.9  0.0  0.0  0.0  0.0  0.0  0.0  0.0  0.0
     3.848    1.5654  0.0  0.0  2.3  0.2  0.1  3.9  0.0  0.0  0.0  0.0  0.0  0.0  0.0  0.0
      3.92    1.4988  0.0  0.0  2.4  0.3  0.1  3.9  0.0  0.0  0.0  0.0  0.0  0.0  0.0  0.0
     3.993    1.5904  0.0  0.0  2.3  0.3  0.1  3.9  0.0  0.0  0.0  0.0  0.0  0.0  0.0  0.0
     4.068    1.6244  0.0  0.0  2.3  0.3  0.1  3.9  0.0  0.0  0.0  0.0  0.0  0.0  0.0  0.0
     4.144    1.5615  0.0  0.0  2.4  0.3  0.1  4.0  0.0  0.0  0.0  0.0  0.0  0.0  0.0  0.0
     4.222    1.5172  0.0  0.0  2.4  0.3  0.1  4.0  0.0  0.0  0.0  0.0  0.0  0.0  0.0  0.0
     4.301    1.5101  0.0  0.0  2.6  0.4  0.1  4.0  0.0  0.0  0.0  0.0  0.0  0.0  0.0  0.0
     4.381    1.5718  0.0  0.0  2.5  0.4  0.1  4.0  0.0  0.0  0.0  0.0  0.0  0.0  0.0  0.0
     4.463    1.6888  0.0  0.0  2.5  0.4  0.1  4.0  0.0  0.0  0.0  0.0  0.0  0.0  0.0  0.0
     4.547    1.4640  0.0  0.0  2.7  0.4  0.1  4.0  0.0  0.0  0.0  0.0  0.0  0.0  0.0  0.0
     4.632    1.5563  0.0  0.0  2.6  0.5  0.1  4.1  0.0  0.0  0.0  0.0  0.0  0.0  0.0  0.0
     4.719    1.6076  0.0  0.0  2.6  0.5  0.1  4.1  0.0  0.0  0.0  0.0  0.0  0.0  0.0  0.0
     4.807    1.5688  0.0  0.0  2.7  0.5  0.1  4.1  0.0  0.0  0.0  0.0  0.0  0.0  0.0  0.0
     4.897    1.6681  0.0  0.0  2.6  0.5  0.1  4.1  0.0  0.0  0.0  0.0  0.0  0.0  0.0  0.0
     4.988    1.4005  0.0  0.0  2.9  0.6  0.1  4.1  0.0  0.0  0.0  0.0  0.0  0.0  0.0  0.0
     5.082    1.6022  0.0  0.0  2.9  0.6  0.1  4.1  0.0  0.0  0.0  0.0  0.0  0.0  0.0  0.0
     5.177    1.5152  0.0  0.0  2.8  0.6  0.1  4.1  0.0  0.0  0.0  0.0  0.0  0.0  0.0  0.0
     5.274    1.6114  0.0  0.0  2.8  0.6  0.1  4.1  0.0  0.0  0.0  0.0  0.0  0.0  0.0  0.0
     5.373    1.5845  0.0  0.0  2.8  0.7  0.1  4.2  0.0  0.0  0.0  0.0  0.0  0.0  0.0  0.0
     5.473    1.7162  0.0  0.0  2.8  0.7  0.1  4.2  0.0  0.0  0.0  0.0  0.0  0.0  0.0  0.0
     5.576    1.6176  0.0  0.0  2.9  0.7  0.1  4.2  0.0  0.0  0.0  0.0  0.0  0.0  0.0  0.0
      5.68    1.5892  0.0  0.0  3.0  0.8  0.1  4.2  0.0  0.0  0.0  0.0  0.0  0.0  0.0  0.0
     5.786    1.6795  0.0  0.0  2.9  0.8  0.1  4.2  0.0  0.0  0.0  0.0  0.0  0.0  0.0  0.0
     5.895    1.5758  0.0  0.0  2.9  0.8  0.1  4.2  0.0  0.0  0.0  0.0  0.0  0.0  0.0  0.0
     6.005    1.5622  0.0  0.0  2.9  0.9  0.1  4.2  0.0  0.0  0.0  0.0  0.0  0.0  0.0  0.0
     6.117    1.6051  0.0  0.0  2.8  0.9  0.1  4.2  0.0  0.0  0.0  0.0  0.0  0.0  0.0  0.0
     6.232    1.5361  0.0  0.0  2.8  0.9  0.1  4.2  0.0  0.0  0.0  0.0  0.0  0.0  0.0  0.0
     6.349    1.4832  0.0  0.0  2.8  1.0  0.1  4.2  0.0  0.0  0.0  0.0  0.0  0.0  0.0  0.0
     6.467    1.4011  0.0  0.0  2.8  1.0  0.1  4.2  0.0  0.0  0.0  0.0  0.0  0.0  0.0  0.0
     6.589    1.4327  0.0  0.0  2.8  1.0  0.1  4.2  0.0  0.0  0.0  0.0  0.0  0.0  0.0  0.0
     6.712    1.3836  0.0  0.0  2.8  1.1  0.1  4.2  0.0  0.0  0.0  0.0  0.0  0.0  0.0  0.0
     6.838    1.4370  0.0  0.0  2.7  1.1  0.1  4.3  0.0  0.0  0.0  0.0  0.0  0.0  0.0  0.0
     6.966    1.3373  0.0  0.0  2.7  1.1  0.1  4.3  0.0  0.0  0.0  0.0  0.0  0.0  0.0  0.0
     7.096    1.3060  0.0  0.0  2.8  1.2  0.1  4.3  0.0  0.0  0.0  0.0  0.0  0.0  0.0  0.0
     7.229    1.3230  0.0  0.0  2.8  1.2  0.1  4.3  0.0  0.0  0.0  0.0  0.0  0.0  0.0  0.0
     7.364    1.2827  0.0  0.0  2.8  1.2  0.1  4.3  0.0  0.0  0.0  0.0  0.0  0.0  0.0  0.0
     7.502    1.2502  0.0  0.0  2.8  1.3  0.1  4.3  0.0  0.0  0.0  0.0  0.0  0.0  0.0  0.0
     7.642    1.2601  0.0  0.0  2.8  1.3  0.1  4.3  0.0  0.0  0.0  0.0  0.0  0.0  0.0  0.0
     7.785    1.3167  0.0  0.0  2.8  1.4  0.1  4.3  0.0  0.0  0.0  0.0  0.0  0.0  0.0  0.0
     7.931    1.3549  0.0  0.0  2.7  1.4  0.1  4.3  0.0  0.0  0.0  0.0  0.0  0.0  0.0  0.0
      8.08    1.2621  0.0  0.0  2.8  1.5  0.1  4.3  0.0  0.0  0.0  0.0  0.0  0.0  0.0  0.0
     8.231    1.2790  0.0  0.0  2.9  1.5  0.1  4.3  0.0  0.0  0.0  0.0  0.0  0.0  0.0  0.0
     8.385    1.2697  0.0  0.0  2.8  1.5  0.0  4.3  0.0  0.0  0.0  0.0  0.0  0.0  0.0  0.0
     8.542    1.3219  0.0  0.0  2.8  1.6  0.0  4.3  0.0  0.0  0.0  0.0  0.0  0.0  0.0  0.0
     8.702    1.2859  0.0  0.0  2.9  1.6  0.0  4.3  0.0  0.0  0.0  0.0  0.0  0.0  0.0  0.0
     8.865    1.2421  0.0  0.0  2.9  1.7  0.0  4.3  0.0  0.0  0.0  0.0  0.0  0.0  0.0  0.0
     9.031    1.3108  0.0  0.0  2.9  1.7  0.0  4.3  0.0  0.0  0.0  0.0  0.0  0.0  0.0  0.0
       9.2    1.2468  0.0  0.0  3.0  1.8  0.0  4.3  0.0  0.0  0.0  0.0  0.0  0.0  0.0  0.0
     9.372    1.2989  0.0  0.0  2.9  1.8  0.0  4.3  0.0  0.0  0.0  0.0  0.0  0.0  0.0  0.0
     9.547    1.3823  0.0  0.0  2.9  1.9  0.0  4.3  0.0  0.0  0.0  0.0  0.0  0.0  0.0  0.0
     9.726    1.3011  0.0  0.0  3.0  1.9  0.0  4.3  0.0  0.0  0.0  0.0  0.0  0.0  0.0  0.0
     9.908    1.2637  0.0  0.0  3.1  2.0  0.0  4.3  0.0  0.0  0.0  0.0  0.0  0.0  0.0  0.0
EBEBEBEBEBEB
60102023U8(n,f)/U5(n,f)         Michalopoulou (n_TOF)       J,PRC,108(2023)
 1 3 0 0 15  125 10  8  0  0  0
 UNCERTAINTIES
 1 Normal. unc.: U8 normalization, U5 normalization
 1 Energy unc. is negligibly small
 2 Energy resl from https://doi.org/10.1140/epja/s10050-025-01727-x negligibly small
 3 Statistical Unc.
 4 amplitude cut and self-absorption correction uncertainty (backgrd. and det. eff.)
 5 Deadtime unc.
 6 Unc. due to beam intensity and spatial dependence between sample and beam
 7 Neutron beam fluence
 8 Multiple scatt. and attenuation unc.
 9 impurity unc. from templates
 Angular distribution assumed isotropic which could bias data near thresholds.
 Forward boost correction not mentioned; assumed to be small (ratio measurement).
 Their method using the gamma flash not validated in paper; could lead to biases.
 Systematic unc. from 230Th measurement adopted (all foils measured at once).
  0.5  0.5  0.0  0.0  0.0  0.0  0.0  0.0  0.0  0.0  1  1  0  0  0  0  0  0  0  0
 0.99 0.01 0.50
 0.00 0.00 0.00
 0.00 0.00 0.00
 0.10 0.90 0.01
 0.99 0.01 0.50
 0.00 1.00 0.01
 0.99 0.01 0.50
 0.99 0.01 0.50
 0.99 0.01 0.50
 0.50 0.50 0.50
 0.50 0.50 0.50
  0  0  9  1  1  1  1  1  1  0  0
8.0358e-014.4733e-03  0.0  0.0 12.1  2.2  0.5  3.5  1.0  0.2  0.1  0.0  0.0  0.0  0.0  0.0
8.2230e-014.0104e-03  0.0  0.0 12.8  2.2  0.5  3.5  1.0  0.2  0.1  0.0  0.0  0.0  0.0  0.0
8.4145e-015.2385e-03  0.0  0.0 11.1  2.2  0.5  3.5  1.0  0.2  0.1  0.0  0.0  0.0  0.0  0.0
8.6105e-018.6707e-03  0.0  0.0  8.7  2.2  0.5  3.5  1.0  0.2  0.1  0.0  0.0  0.0  0.0  0.0
8.8111e-011.2275e-02  0.0  0.0  7.0  2.2  0.5  3.5  1.0  0.2  0.1  0.0  0.0  0.0  0.0  0.0
9.0163e-011.0018e-02  0.0  0.0  7.4  2.2  0.5  3.5  1.0  0.2  0.1  0.0  0.0  0.0  0.0  0.0
9.2263e-011.3296e-02  0.0  0.0  6.6  2.2  0.5  3.5  1.0  0.2  0.1  0.0  0.0  0.0  0.0  0.0
9.4412e-011.2991e-02  0.0  0.0  7.1  2.2  0.5  3.5  1.0  0.2  0.1  0.0  0.0  0.0  0.0  0.0
9.6611e-011.3825e-02  0.0  0.0  7.1  2.2  0.5  3.5  1.0  0.2  0.1  0.0  0.0  0.0  0.0  0.0
9.8862e-011.4111e-02  0.0  0.0  7.2  2.2  0.5  3.5  1.0  0.2  0.1  0.0  0.0  0.0  0.0  0.0
1.0116e+001.4081e-02  0.0  0.0  7.3  2.2  0.5  3.5  1.0  0.2  0.1  0.0  0.0  0.0  0.0  0.0
1.0352e+001.4512e-02  0.0  0.0  6.7  2.2  0.5  3.5  1.0  0.2  0.1  0.0  0.0  0.0  0.0  0.0
1.0593e+001.8979e-02  0.0  0.0  5.5  2.2  0.5  3.5  1.0  0.2  0.1  0.0  0.0  0.0  0.0  0.0
1.0840e+002.3881e-02  0.0  0.0  4.8  2.2  0.5  3.5  1.0  0.2  0.1  0.0  0.0  0.0  0.0  0.0
1.1092e+002.6211e-02  0.0  0.0  4.7  2.2  0.5  3.5  1.0  0.2  0.1  0.0  0.0  0.0  0.0  0.0
1.1351e+002.9121e-02  0.0  0.0  4.4  2.2  0.5  3.5  1.0  0.2  0.1  0.0  0.0  0.0  0.0  0.0
1.1615e+003.3523e-02  0.0  0.0  4.1  2.2  0.5  3.5  1.0  0.2  0.1  0.0  0.0  0.0  0.0  0.0
1.1886e+003.7938e-02  0.0  0.0  3.7  2.2  0.5  3.5  1.0  0.2  0.1  0.0  0.0  0.0  0.0  0.0
1.2163e+003.3822e-02  0.0  0.0  3.8  2.2  0.5  3.5  1.0  0.2  0.1  0.0  0.0  0.0  0.0  0.0
1.2446e+003.7787e-02  0.0  0.0  3.7  2.2  0.5  3.5  1.0  0.2  0.1  0.0  0.0  0.0  0.0  0.0
1.2736e+004.7922e-02  0.0  0.0  3.4  2.2  0.5  3.5  1.0  0.2  0.1  0.0  0.0  0.0  0.0  0.0
1.3033e+005.9519e-02  0.0  0.0  3.4  2.2  0.5  3.5  1.0  0.2  0.1  0.0  0.0  0.0  0.0  0.0
1.3336e+008.2693e-02  0.0  0.0  2.8  2.2  0.5  3.5  1.0  0.2  0.1  0.0  0.0  0.0  0.0  0.0
1.3647e+001.1197e-01  0.0  0.0  2.4  2.2  0.5  3.5  1.0  0.2  0.1  0.0  0.0  0.0  0.0  0.0
1.3965e+001.6117e-01  0.0  0.0  2.2  2.2  0.5  3.5  1.0  0.2  0.1  0.0  0.0  0.0  0.0  0.0
1.4290e+002.0316e-01  0.0  0.0  2.0  2.2  0.5  3.5  1.0  0.2  0.1  0.0  0.0  0.0  0.0  0.0
1.4623e+002.6375e-01  0.0  0.0  1.9  2.2  0.5  3.5  1.0  0.2  0.1  0.0  0.0  0.0  0.0  0.0
1.4963e+002.8755e-01  0.0  0.0  1.8  2.2  0.5  3.5  1.0  0.2  0.1  0.0  0.0  0.0  0.0  0.0
1.5312e+003.0330e-01  0.0  0.0  1.7  2.2  0.5  3.5  1.0  0.2  0.1  0.0  0.0  0.0  0.0  0.0
1.5669e+003.1093e-01  0.0  0.0  1.7  2.2  0.5  3.5  1.0  0.2  0.1  0.0  0.0  0.0  0.0  0.0
1.6033e+003.1600e-01  0.0  0.0  1.7  2.2  0.5  3.5  1.0  0.2  0.1  0.0  0.0  0.0  0.0  0.0
1.6407e+003.3397e-01  0.0  0.0  1.7  2.2  0.5  3.5  1.0  0.2  0.1  0.0  0.0  0.0  0.0  0.0
1.6789e+003.4671e-01  0.0  0.0  1.7  2.2  0.5  3.5  1.0  0.2  0.1  0.0  0.0  0.0  0.0  0.0
1.7180e+003.5394e-01  0.0  0.0  1.8  2.2  0.5  3.5  1.0  0.2  0.1  0.0  0.0  0.0  0.0  0.0
1.7580e+003.7452e-01  0.0  0.0  1.7  2.2  0.5  3.5  1.0  0.2  0.1  0.0  0.0  0.0  0.0  0.0
1.7990e+003.9162e-01  0.0  0.0  1.6  2.2  0.5  3.5  1.0  0.2  0.1  0.0  0.0  0.0  0.0  0.0
1.8409e+004.0738e-01  0.0  0.0  1.6  2.2  0.5  3.5  1.0  0.2  0.1  0.0  0.0  0.0  0.0  0.0
1.8838e+004.0603e-01  0.0  0.0  1.7  2.2  0.5  3.5  1.0  0.2  0.1  0.0  0.0  0.0  0.0  0.0
1.9276e+004.1822e-01  0.0  0.0  1.7  2.2  0.5  3.5  1.0  0.2  0.1  0.0  0.0  0.0  0.0  0.0
1.9725e+004.1436e-01  0.0  0.0  1.6  2.2  0.5  3.5  1.0  0.2  0.1  0.0  0.0  0.0  0.0  0.0
2.0185e+004.1168e-01  0.0  0.0  1.7  2.2  0.5  3.5  1.0  0.2  0.1  0.0  0.0  0.0  0.0  0.0
2.0655e+004.1347e-01  0.0  0.0  1.7  2.2  0.5  3.5  1.0  0.2  0.1  0.0  0.0  0.0  0.0  0.0
2.1136e+004.2357e-01  0.0  0.0  1.7  2.2  0.5  3.5  1.0  0.2  0.1  0.0  0.0  0.0  0.0  0.0
2.1629e+004.3086e-01  0.0  0.0  1.7  2.2  0.5  3.5  1.0  0.2  0.1  0.0  0.0  0.0  0.0  0.0
2.2132e+004.2298e-01  0.0  0.0  1.7  2.2  0.5  3.5  1.0  0.2  0.1  0.0  0.0  0.0  0.0  0.0
2.2648e+004.3826e-01  0.0  0.0  1.7  2.2  0.5  3.5  1.0  0.2  0.1  0.0  0.0  0.0  0.0  0.0
2.3175e+004.3045e-01  0.0  0.0  1.7  2.2  0.5  3.5  1.0  0.2  0.1  0.0  0.0  0.0  0.0  0.0
2.3715e+004.1256e-01  0.0  0.0  1.7  2.2  0.5  3.5  1.0  0.2  0.1  0.0  0.0  0.0  0.0  0.0
2.4268e+004.4094e-01  0.0  0.0  1.7  2.2  0.5  3.5  1.0  0.2  0.1  0.0  0.0  0.0  0.0  0.0
2.4833e+004.1764e-01  0.0  0.0  1.8  2.2  0.5  3.5  1.0  0.2  0.1  0.0  0.0  0.0  0.0  0.0
2.5411e+004.4413e-01  0.0  0.0  1.9  2.2  0.5  3.5  1.0  0.2  0.1  0.0  0.0  0.0  0.0  0.0
2.6003e+004.2113e-01  0.0  0.0  1.9  2.2  0.5  3.5  1.0  0.2  0.1  0.0  0.0  0.0  0.0  0.0
2.6609e+004.3321e-01  0.0  0.0  2.0  2.2  0.5  3.5  1.0  0.2  0.1  0.0  0.0  0.0  0.0  0.0
2.7229e+004.3978e-01  0.0  0.0  2.0  2.2  0.5  3.5  1.0  0.2  0.1  0.0  0.0  0.0  0.0  0.0
2.7863e+004.4051e-01  0.0  0.0  2.0  2.2  0.5  3.5  1.0  0.2  0.1  0.0  0.0  0.0  0.0  0.0
2.8512e+004.1576e-01  0.0  0.0  2.0  2.2  0.5  3.5  1.0  0.2  0.1  0.0  0.0  0.0  0.0  0.0
2.9176e+004.3034e-01  0.0  0.0  2.1  2.2  0.5  3.5  1.0  0.2  0.1  0.0  0.0  0.0  0.0  0.0
2.9856e+004.4089e-01  0.0  0.0  2.1  2.2  0.5  3.5  1.0  0.2  0.1  0.0  0.0  0.0  0.0  0.0
3.0551e+004.3595e-01  0.0  0.0  2.2  2.2  0.5  3.5  1.0  0.2  0.1  0.0  0.0  0.0  0.0  0.0
3.1263e+004.4030e-01  0.0  0.0  2.2  2.2  0.5  3.5  1.0  0.2  0.1  0.0  0.0  0.0  0.0  0.0
3.1991e+004.4007e-01  0.0  0.0  2.3  2.2  0.5  3.5  1.0  0.2  0.1  0.0  0.0  0.0  0.0  0.0
3.2736e+004.4787e-01  0.0  0.0  2.5  2.2  0.5  3.5  1.0  0.2  0.1  0.0  0.0  0.0  0.0  0.0
3.3499e+004.6011e-01  0.0  0.0  2.5  2.2  0.5  3.5  1.0  0.2  0.1  0.0  0.0  0.0  0.0  0.0
3.4279e+004.5609e-01  0.0  0.0  2.5  2.2  0.5  3.5  1.0  0.2  0.1  0.0  0.0  0.0  0.0  0.0
3.5077e+004.4233e-01  0.0  0.0  2.6  2.2  0.5  3.5  1.0  0.2  0.1  0.0  0.0  0.0  0.0  0.0
3.5895e+005.0294e-01  0.0  0.0  2.6  2.2  0.5  3.5  1.0  0.2  0.1  0.0  0.0  0.0  0.0  0.0
3.6731e+004.9789e-01  0.0  0.0  2.7  2.2  0.5  3.5  1.0  0.2  0.1  0.0  0.0  0.0  0.0  0.0
3.7586e+004.6884e-01  0.0  0.0  2.8  2.2  0.5  3.5  1.0  0.2  0.1  0.0  0.0  0.0  0.0  0.0
3.8462e+004.7517e-01  0.0  0.0  2.7  2.2  0.5  3.5  1.0  0.2  0.1  0.0  0.0  0.0  0.0  0.0
3.9358e+004.8545e-01  0.0  0.0  2.7  2.2  0.5  3.5  1.0  0.2  0.1  0.0  0.0  0.0  0.0  0.0
4.0274e+004.8603e-01  0.0  0.0  2.7  2.2  0.5  3.5  1.0  0.2  0.1  0.0  0.0  0.0  0.0  0.0
4.1212e+004.7599e-01  0.0  0.0  2.7  2.2  0.5  3.5  1.0  0.2  0.1  0.0  0.0  0.0  0.0  0.0
4.2172e+004.9970e-01  0.0  0.0  2.8  2.2  0.5  3.5  1.0  0.2  0.1  0.0  0.0  0.0  0.0  0.0
4.3155e+004.9213e-01  0.0  0.0  2.9  2.2  0.5  3.5  1.0  0.2  0.1  0.0  0.0  0.0  0.0  0.0
4.4160e+004.8462e-01  0.0  0.0  2.9  2.2  0.5  3.5  1.0  0.2  0.1  0.0  0.0  0.0  0.0  0.0
4.5189e+004.8245e-01  0.0  0.0  2.9  2.2  0.5  3.5  1.0  0.2  0.1  0.0  0.0  0.0  0.0  0.0
4.6241e+005.2146e-01  0.0  0.0  3.0  2.2  0.5  3.5  1.0  0.2  0.1  0.0  0.0  0.0  0.0  0.0
4.7318e+004.9349e-01  0.0  0.0  3.0  2.2  0.5  3.5  1.0  0.2  0.1  0.0  0.0  0.0  0.0  0.0
4.8420e+005.2463e-01  0.0  0.0  3.2  2.2  0.5  3.5  1.0  0.2  0.1  0.0  0.0  0.0  0.0  0.0
4.9548e+005.3100e-01  0.0  0.0  3.1  2.2  0.5  3.5  1.0  0.2  0.1  0.0  0.0  0.0  0.0  0.0
5.0702e+005.0866e-01  0.0  0.0  3.3  2.2  0.5  3.5  1.0  0.2  0.1  0.0  0.0  0.0  0.0  0.0
5.1883e+004.9683e-01  0.0  0.0  3.3  2.2  0.5  3.5  1.0  0.2  0.1  0.0  0.0  0.0  0.0  0.0
5.3092e+005.3558e-01  0.0  0.0  3.3  2.2  0.5  3.5  1.0  0.2  0.1  0.0  0.0  0.0  0.0  0.0
5.4329e+005.4246e-01  0.0  0.0  3.2  2.2  0.5  3.5  1.0  0.2  0.1  0.0  0.0  0.0  0.0  0.0
5.5594e+005.5123e-01  0.0  0.0  3.4  2.2  0.5  3.5  1.0  0.2  0.1  0.0  0.0  0.0  0.0  0.0
5.6889e+005.4459e-01  0.0  0.0  3.4  2.2  0.5  3.5  1.0  0.2  0.1  0.0  0.0  0.0  0.0  0.0
5.8214e+005.4446e-01  0.0  0.0  3.3  2.2  0.5  3.5  1.0  0.2  0.1  0.0  0.0  0.0  0.0  0.0
5.9570e+005.8576e-01  0.0  0.0  3.4  2.2  0.5  3.5  1.0  0.2  0.1  0.0  0.0  0.0  0.0  0.0
6.0958e+005.9846e-01  0.0  0.0  3.3  2.2  0.5  3.5  1.0  0.2  0.1  0.0  0.0  0.0  0.0  0.0
6.2378e+005.8574e-01  0.0  0.0  3.1  2.2  0.5  3.5  1.0  0.2  0.1  0.0  0.0  0.0  0.0  0.0
6.3831e+005.9281e-01  0.0  0.0  3.0  2.2  0.5  3.5  1.0  0.2  0.1  0.0  0.0  0.0  0.0  0.0
6.5317e+006.1835e-01  0.0  0.0  3.0  2.2  0.5  3.5  1.0  0.2  0.1  0.0  0.0  0.0  0.0  0.0
6.6839e+006.3782e-01  0.0  0.0  2.9  2.2  0.5  3.5  1.0  0.2  0.1  0.0  0.0  0.0  0.0  0.0
6.8396e+006.3965e-01  0.0  0.0  2.9  2.2  0.5  3.5  1.0  0.2  0.1  0.0  0.0  0.0  0.0  0.0
6.9989e+006.3599e-01  0.0  0.0  2.8  2.2  0.5  3.5  1.0  0.2  0.1  0.0  0.0  0.0  0.0  0.0
7.1619e+006.1983e-01  0.0  0.0  2.8  2.2  0.5  3.5  1.0  0.2  0.1  0.0  0.0  0.0  0.0  0.0
7.3287e+005.7983e-01  0.0  0.0  2.8  2.2  0.5  3.5  1.0  0.2  0.1  0.0  0.0  0.0  0.0  0.0
7.4994e+005.6727e-01  0.0  0.0  2.8  2.2  0.5  3.5  1.0  0.2  0.1  0.0  0.0  0.0  0.0  0.0
7.7645e+005.6912e-01  0.0  0.0  2.0  2.2  0.5  3.5  1.0  0.2  0.1  0.0  0.0  0.0  0.0  0.0
8.1305e+005.8419e-01  0.0  0.0  2.0  2.2  0.5  3.5  1.0  0.2  0.1  0.0  0.0  0.0  0.0  0.0
8.5136e+005.7644e-01  0.0  0.0  2.1  2.2  0.5  3.5  1.0  0.2  0.1  0.0  0.0  0.0  0.0  0.0
8.9149e+005.7415e-01  0.0  0.0  2.1  2.2  0.5  3.5  1.0  0.2  0.1  0.0  0.0  0.0  0.0  0.0
9.3350e+005.6749e-01  0.0  0.0  2.1  2.2  0.5  3.5  1.0  0.2  0.1  0.0  0.0  0.0  0.0  0.0
9.7750e+005.7071e-01  0.0  0.0  2.1  2.2  0.5  3.5  1.0  0.2  0.1  0.0  0.0  0.0  0.0  0.0
1.0236e+015.8460e-01  0.0  0.0  2.2  2.2  0.5  3.5  1.0  0.2  0.1  0.0  0.0  0.0  0.0  0.0
1.0718e+015.9169e-01  0.0  0.0  2.3  2.2  0.5  3.5  1.0  0.2  0.1  0.0  0.0  0.0  0.0  0.0
1.1223e+015.9377e-01  0.0  0.0  2.3  2.2  0.5  3.5  1.0  0.2  0.1  0.0  0.0  0.0  0.0  0.0
1.1752e+015.9787e-01  0.0  0.0  2.3  2.2  0.5  3.5  1.0  0.2  0.1  0.0  0.0  0.0  0.0  0.0
1.2306e+015.5747e-01  0.0  0.0  2.3  2.2  0.5  3.5  1.0  0.2  0.1  0.0  0.0  0.0  0.0  0.0
1.2886e+015.3539e-01  0.0  0.0  2.3  2.2  0.5  3.5  1.0  0.2  0.1  0.0  0.0  0.0  0.0  0.0
1.3493e+015.3781e-01  0.0  0.0  2.2  2.2  0.5  3.5  1.0  0.2  0.1  0.0  0.0  0.0  0.0  0.0
1.4129e+015.5614e-01  0.0  0.0  2.2  2.2  0.5  3.5  1.0  0.2  0.1  0.0  0.0  0.0  0.0  0.0
1.4795e+015.7997e-01  0.0  0.0  2.2  2.2  0.5  3.5  1.0  0.2  0.1  0.0  0.0  0.0  0.0  0.0
1.5492e+015.9113e-01  0.0  0.0  2.1  2.2  0.5  3.5  1.0  0.2  0.1  0.0  0.0  0.0  0.0  0.0
1.6222e+016.1651e-01  0.0  0.0  2.1  2.2  0.5  3.5  1.0  0.2  0.1  0.0  0.0  0.0  0.0  0.0
1.6987e+016.4328e-01  0.0  0.0  2.1  2.2  0.5  3.5  1.0  0.2  0.1  0.0  0.0  0.0  0.0  0.0
1.7787e+016.5527e-01  0.0  0.0  2.1  2.2  0.5  3.5  1.0  0.2  0.1  0.0  0.0  0.0  0.0  0.0
1.8626e+016.4578e-01  0.0  0.0  2.1  2.2  0.5  3.5  1.0  0.2  0.1  0.0  0.0  0.0  0.0  0.0
1.9504e+016.7383e-01  0.0  0.0  2.1  2.2  0.5  3.5  1.0  0.2  0.1  0.0  0.0  0.0  0.0  0.0
2.0423e+017.3007e-01  0.0  0.0  2.1  2.2  0.5  3.5  1.0  0.2  0.1  0.0  0.0  0.0  0.0  0.0
2.1385e+017.4615e-01  0.0  0.0  2.0  2.2  0.5  3.5  1.0  0.2  0.1  0.0  0.0  0.0  0.0  0.0
2.2393e+017.1757e-01  0.0  0.0  2.0  2.2  0.5  3.5  1.0  0.2  0.1  0.0  0.0  0.0  0.0  0.0
2.4014e+017.3545e-01  0.0  0.0  1.3  2.2  0.5  3.5  1.0  0.2  0.1  0.0  0.0  0.0  0.0  0.0
2.6651e+017.4105e-01  0.0  0.0  1.3  2.2  0.5  3.5  1.0  0.2  0.1  0.0  0.0  0.0  0.0  0.0
2.9903e+017.7991e-01  0.0  0.0  1.2  2.2  0.5  3.5  1.0  0.2  0.1  0.0  0.0  0.0  0.0  0.0
EBEBEBEBEBEB
60112022U8(n,f)                 Belloni (FC1)               J,EPJ-A,58(2022)
 1 1 0 0 11    2 10  0  0  0  0
 UNCERTAINTIES
 1 Normal. unc.: U8 normalization, impurity (deadtime negligible)
 1 Energy unc. assumed to be 20% of energy resolution.
 2 Energy resl explicitly given.
 3 Statistical Unc.
 4 small background from templates (background small)
 5 Multiple scattering and attenuation uncertainty
 6 Neutron flux unc.
 7 Detector efficiency unc. (Zero bias corr. of 238U)
 Forward boost correction not mentioned.
 Data extracted from a Pu-240/U-238 measurement (neutron flux measured by H-1 too).
  2.0  0.1  0.0  0.0  0.0  0.0  0.0  0.0  0.0  0.0  1  1  0  0  0  0  0  0  0  0
 0.99 0.01 0.50
 0.00 0.00 0.00
 0.00 0.00 0.00
 0.10 0.90 0.01
 0.99 0.01 0.50
 0.99 0.01 0.50
 0.99 0.01 0.50
 0.50 0.50 0.50
 0.50 0.50 0.50
 0.50 0.50 0.50
 0.50 0.50 0.50
  0  0  9  1  1  1  1  0  0  0  0
      2.51    0.5247  0.5  2.4  0.8  0.2  0.6  1.9  0.3  0.0  0.0  0.0  0.0  0.0  0.0  0.0
     14.83     1.155  0.3  1.6  0.7  0.2  0.4  2.9  0.8  0.0  0.0  0.0  0.0  0.0  0.0  0.0
ESESESESESES
60122022U8(n,f)                 Belloni (FC2)               J,EPJ-A,58(2022)
 1 1 0 1 11    2 10  0  0  0  0
 UNCERTAINTIES
 1 Normal. unc.: U8 normalization, impurity (deadtime negligible)
 1 Energy unc. assumed to be 20% of energy resolution.
 2 Energy resl explicitly given.
 3 Statistical Unc.
 4 small background from templates (background small)
 5 Multiple scattering and attenuation uncertainty
 6 Neutron flux unc.
 7 Detector efficiency unc. (Zero bias corr. of 238U)
 Forward boost correction not mentioned.
 Data extracted from a Pu-242/U-238 measurement (neutron flux measured by H-1 too).
  1.9  0.1  0.0  0.0  0.0  0.0  0.0  0.0  0.0  0.0  1  1  0  0  0  0  0  0  0  0
 0.99 0.01 0.50
 0.00 0.00 0.00
 0.00 0.00 0.00
 0.10 0.90 0.01
 0.99 0.01 0.50
 0.99 0.01 0.50
 0.99 0.01 0.50
 0.50 0.50 0.50
 0.50 0.50 0.50
 0.50 0.50 0.50
 0.50 0.50 0.50
  0  0  9  1  1  1  1  0  0  0  0
      2.51    0.5305  0.5  2.4  1.1  0.2  0.5  1.9  0.3  0.0  0.0  0.0  0.0  0.0  0.0  0.0
     14.83     1.217  0.3  1.6  1.2  0.2  0.3  2.9  0.8  0.0  0.0  0.0  0.0  0.0  0.0  0.0
6011 1 1 2 2151516161717 0 0 0 0 0 0 0 0 0 0
   .5   .5  .5  1.0   .5   .0   .0   .0   .0   .0
EBEBEB
60132017U8(n,g)                 Mingrone                    J,PR/C,95,034604,2017
 1 1 0 0 10   19  7  0  0  0  0
 UNCERTAINTIES
 1 Normal. unc., sample mass unc. (impurity negligible)
 1 Energy unc. assumed to be 20% of energy resolution.
 2 Energy resl explicitly given.
 3 Statistical Unc.
 4 Background Unc.
 5 Neutron Flux Shape unc.
 Concern 1: n_TOF neutron flux is evaluated using several reactions.
 Concern 2: deviates from VIII.1 and Carlson2009 from 80-400 keV, agrees with Ullman2014.
 Due to concern 2, we truncate data above 80 keV (possible background issue).
  1.0  0.1  0.0  0.0  0.0  0.0  0.0  0.0  0.0  0.0  1  1  0  0  0  0  0  0  0  0
 0.99 0.01 0.50
 0.00 0.00 0.00
 0.00 0.00 0.00
 0.10 0.90 0.01
 0.99 0.01 0.50
 0.99 0.01 0.50
 0.50 0.50 0.50
 0.50 0.50 0.50
 0.50 0.50 0.50
 0.50 0.50 0.50
 0.50 0.50 0.50
  0  0  9  1  1  0  0  0  0  0  0
    0.0045     1.026  0.2  2.0  0.9  3.0  4.5  0.0  0.0  0.0  0.0  0.0  0.0  0.0  0.0  0.0
    0.0075     0.811  0.2  2.0  1.3  3.0  4.5  0.0  0.0  0.0  0.0  0.0  0.0  0.0  0.0  0.0
    0.0105     0.651  0.2  2.0  1.6  3.0  4.5  0.0  0.0  0.0  0.0  0.0  0.0  0.0  0.0  0.0
    0.0135     0.634  0.2  2.0  1.8  3.0  4.5  0.0  0.0  0.0  0.0  0.0  0.0  0.0  0.0  0.0
    0.0165     0.585  0.2  2.0  2.0  3.0  4.5  0.0  0.0  0.0  0.0  0.0  0.0  0.0  0.0  0.0
    0.0195     0.541  0.2  2.0  2.2  3.0  4.5  0.0  0.0  0.0  0.0  0.0  0.0  0.0  0.0  0.0
    0.0225     0.461  0.2  2.0  2.5  3.0  4.5  0.0  0.0  0.0  0.0  0.0  0.0  0.0  0.0  0.0
    0.0255     0.446  0.2  2.0  2.8  3.0  4.5  0.0  0.0  0.0  0.0  0.0  0.0  0.0  0.0  0.0
    0.0285     0.447  0.2  2.0  2.7  3.0  4.5  0.0  0.0  0.0  0.0  0.0  0.0  0.0  0.0  0.0
    0.0325      0.44  0.2  2.0  2.9  3.0  4.5  0.0  0.0  0.0  0.0  0.0  0.0  0.0  0.0  0.0
    0.0375      0.39  0.2  2.0  3.9  3.0  4.5  0.0  0.0  0.0  0.0  0.0  0.0  0.0  0.0  0.0
    0.0425     0.386  0.2  2.0  3.0  3.0  4.5  0.0  0.0  0.0  0.0  0.0  0.0  0.0  0.0  0.0
    0.0475     0.336  0.2  2.0  3.2  3.0  4.5  0.0  0.0  0.0  0.0  0.0  0.0  0.0  0.0  0.0
    0.0525     0.301  0.2  2.0  3.4  3.0  4.5  0.0  0.0  0.0  0.0  0.0  0.0  0.0  0.0  0.0
    0.0575     0.263  0.2  2.0  3.8  3.0  4.5  0.0  0.0  0.0  0.0  0.0  0.0  0.0  0.0  0.0
    0.0625     0.259  0.2  2.0  3.7  3.0  4.5  0.0  0.0  0.0  0.0  0.0  0.0  0.0  0.0  0.0
    0.0675     0.235  0.2  2.0  3.9  3.0  4.5  0.0  0.0  0.0  0.0  0.0  0.0  0.0  0.0  0.0
    0.0725     0.209  0.2  2.0  4.2  3.0  4.5  0.0  0.0  0.0  0.0  0.0  0.0  0.0  0.0  0.0
    0.0775     0.201  0.2  2.0  4.6  3.0  4.5  0.0  0.0  0.0  0.0  0.0  0.0  0.0  0.0  0.0
EBEBEBEBEBEB
80022010Pu9(n,f)/U5(n,f)        F.Tovesson,T.S.Hill         J,NSE,165,224(2010)
 1 4 0 0 14  600  9  8  0  0  0
 CS and UNC for RATIO: original file, no averaging
 UNCERTAINTIES
 3 Statistical Unc.
 4 U-235 background unc.
 5 Pu-239 background unc.
 6 Residual Detector Efficiency Unc.
 7 Deadtime Unc.
 8 Impurity Unc.
 9 Angular distribution unc.
 10 Attenuation Unc.
 11 Multiple Scattering Uncertainty
 changes DN 110218: (a) changed to shape data as measured relative to thermal point
 added: detector efficiency, deadtime, impurity, angular distribution, attenuation
 and multiple scattering unc.; changes were discussed with F. Tovesson
 0.00 0.00 0.00
 0.00 0.00 0.00
 0.00 0.00 0.00
 0.50 0.50 0.50
 0.50 0.50 0.50
 0.99 0.01 0.50
 0.99 0.01 0.50
 0.99 0.01 0.50
 0.50 0.50 0.50
 0.50 0.50 0.50
 0.50 0.50 0.50
  0  0  9  1  1  1  1  1  1  1  1
     0.201    1.0330  0.0  0.0  0.9  3.1  3.1  0.5  0.1  0.1  0.1  0.2  0.2  0.0
     0.203    1.0690  0.0  0.0  0.9  2.9  3.1  0.5  0.1  0.1  0.1  0.2  0.2  0.0
     0.205    1.1180  0.0  0.0  0.9  2.8  3.1  0.5  0.1  0.1  0.1  0.2  0.2  0.0
     0.208    1.1390  0.0  0.0  0.9  2.8  3.2  0.5  0.1  0.1  0.1  0.2  0.2  0.0
      0.21    1.1390  0.0  0.0  0.9  2.8  3.1  0.5  0.1  0.1  0.1  0.2  0.2  0.0
     0.213    1.1290  0.0  0.0  0.9  2.8  3.1  0.5  0.1  0.1  0.1  0.2  0.2  0.0
     0.215    1.1220  0.0  0.0  0.8  2.7  3.0  0.5  0.1  0.1  0.1  0.2  0.2  0.0
     0.218    1.1210  0.0  0.0  0.8  2.6  2.9  0.5  0.1  0.1  0.1  0.2  0.2  0.0
      0.22    1.1320  0.0  0.0  0.8  2.7  3.0  0.5  0.1  0.1  0.1  0.2  0.2  0.0
     0.223    1.1480  0.0  0.0  0.8  2.6  2.9  0.5  0.1  0.1  0.1  0.2  0.2  0.0
     0.225    1.1550  0.0  0.0  0.9  2.6  3.0  0.5  0.1  0.1  0.1  0.2  0.2  0.0
     0.228    1.1490  0.0  0.0  0.8  2.4  2.8  0.5  0.1  0.1  0.1  0.2  0.2  0.0
      0.23    1.1460  0.0  0.0  0.8  2.4  2.7  0.5  0.1  0.1  0.1  0.2  0.2  0.0
     0.233    1.1580  0.0  0.0  0.8  2.4  2.8  0.5  0.1  0.1  0.1  0.2  0.2  0.0
     0.236    1.1700  0.0  0.0  0.8  2.4  2.8  0.5  0.1  0.1  0.1  0.2  0.2  0.0
     0.239    1.1690  0.0  0.0  0.8  2.3  2.7  0.5  0.1  0.1  0.1  0.2  0.2  0.0
     0.241    1.1580  0.0  0.0  0.8  2.3  2.6  0.5  0.1  0.1  0.1  0.2  0.2  0.0
     0.244    1.1450  0.0  0.0  0.8  2.2  2.6  0.5  0.1  0.1  0.1  0.2  0.2  0.0
     0.247    1.1400  0.0  0.0  0.8  2.3  2.6  0.5  0.1  0.1  0.1  0.2  0.2  0.0
      0.25    1.1510  0.0  0.0  0.8  2.2  2.5  0.5  0.1  0.1  0.1  0.2  0.2  0.0
     0.253    1.1690  0.0  0.0  0.8  2.1  2.5  0.5  0.1  0.1  0.1  0.2  0.2  0.0
     0.256    1.1830  0.0  0.0  0.8  2.0  2.4  0.5  0.1  0.1  0.1  0.2  0.2  0.0
     0.259    1.1870  0.0  0.0  0.8  2.0  2.4  0.5  0.1  0.1  0.1  0.2  0.2  0.0
     0.262    1.1880  0.0  0.0  0.7  1.9  2.3  0.5  0.1  0.1  0.1  0.2  0.2  0.0
     0.265    1.1900  0.0  0.0  0.7  1.8  2.2  0.5  0.1  0.1  0.1  0.2  0.2  0.0
     0.268    1.1950  0.0  0.0  0.7  1.8  2.2  0.5  0.1  0.1  0.1  0.2  0.2  0.0
     0.271    1.2090  0.0  0.0  0.7  1.7  2.1  0.5  0.1  0.1  0.1  0.2  0.2  0.0
     0.274    1.2420  0.0  0.0  0.7  1.8  2.1  0.5  0.1  0.1  0.1  0.2  0.2  0.0
     0.277    1.2770  0.0  0.0  0.8  1.9  2.5  0.5  0.1  0.1  0.1  0.2  0.2  0.0
      0.28    1.2810  0.0  0.0  0.8  1.8  2.4  0.5  0.1  0.1  0.1  0.2  0.2  0.0
     0.284    1.2570  0.0  0.0  0.7  1.8  2.2  0.5  0.1  0.1  0.1  0.2  0.2  0.0
     0.287    1.2380  0.0  0.0  0.7  1.7  2.1  0.5  0.1  0.1  0.1  0.2  0.2  0.0
      0.29    1.2470  0.0  0.0  0.7  1.7  2.1  0.5  0.1  0.1  0.1  0.2  0.2  0.0
     0.293    1.2660  0.0  0.0  0.7  1.6  2.1  0.5  0.1  0.1  0.1  0.2  0.2  0.0
     0.297    1.2710  0.0  0.0  0.7  1.5  2.0  0.5  0.1  0.1  0.1  0.2  0.2  0.0
       0.3    1.2560  0.0  0.0  0.7  1.5  1.9  0.5  0.1  0.1  0.1  0.2  0.2  0.0
     0.304    1.2310  0.0  0.0  0.7  1.5  1.9  0.5  0.1  0.1  0.1  0.2  0.2  0.0
     0.307    1.2170  0.0  0.0  0.7  1.4  1.8  0.5  0.1  0.1  0.1  0.2  0.2  0.0
     0.311    1.2200  0.0  0.0  0.7  1.4  1.7  0.5  0.1  0.1  0.1  0.2  0.2  0.0
     0.314    1.2360  0.0  0.0  0.7  1.4  1.8  0.5  0.1  0.1  0.1  0.2  0.2  0.0
     0.318    1.2490  0.0  0.0  0.7  1.5  1.9  0.5  0.1  0.1  0.1  0.2  0.2  0.0
     0.322    1.2520  0.0  0.0  0.7  1.5  1.9  0.5  0.1  0.1  0.1  0.2  0.2  0.0
     0.326    1.2510  0.0  0.0  0.7  1.4  1.8  0.5  0.1  0.1  0.1  0.2  0.2  0.0
     0.329    1.2570  0.0  0.0  0.7  1.4  1.8  0.5  0.1  0.1  0.1  0.2  0.2  0.0
     0.333    1.2680  0.0  0.0  0.7  1.3  1.7  0.5  0.1  0.1  0.1  0.2  0.2  0.0
     0.337    1.2730  0.0  0.0  0.6  1.3  1.6  0.5  0.1  0.1  0.1  0.2  0.2  0.0
     0.341    1.2700  0.0  0.0  0.6  1.3  1.6  0.5  0.1  0.1  0.1  0.2  0.2  0.0
     0.345    1.2640  0.0  0.0  0.6  1.2  1.6  0.5  0.1  0.1  0.1  0.2  0.2  0.0
     0.349    1.2540  0.0  0.0  0.6  1.2  1.6  0.5  0.1  0.1  0.1  0.2  0.2  0.0
     0.353    1.2500  0.0  0.0  0.6  1.2  1.5  0.5  0.1  0.1  0.1  0.2  0.2  0.0
     0.357    1.2640  0.0  0.0  0.6  1.2  1.5  0.5  0.1  0.1  0.1  0.2  0.2  0.0
     0.361    1.2810  0.0  0.0  0.7  1.2  1.6  0.5  0.1  0.1  0.1  0.2  0.2  0.0
     0.365    1.2780  0.0  0.0  0.6  1.2  1.6  0.5  0.1  0.1  0.1  0.2  0.2  0.0
     0.369    1.2610  0.0  0.0  0.6  1.1  1.5  0.5  0.1  0.1  0.1  0.2  0.2  0.0
     0.374    1.2510  0.0  0.0  0.6  1.1  1.4  0.5  0.1  0.1  0.1  0.2  0.2  0.0
     0.378    1.2570  0.0  0.0  0.6  1.1  1.4  0.5  0.1  0.1  0.1  0.2  0.2  0.0
     0.382    1.2720  0.0  0.0  0.6  1.1  1.4  0.5  0.1  0.1  0.1  0.2  0.2  0.0
     0.387    1.2840  0.0  0.0  0.6  1.1  1.5  0.5  0.1  0.1  0.1  0.2  0.2  0.0
     0.391    1.2870  0.0  0.0  0.6  1.1  1.5  0.5  0.1  0.1  0.1  0.2  0.2  0.0
     0.396    1.2810  0.0  0.0  0.6  1.1  1.4  0.5  0.1  0.1  0.1  0.2  0.2  0.0
       0.4    1.2730  0.0  0.0  0.5  1.0  1.4  0.5  0.1  0.1  0.1  0.2  0.2  0.0
     0.405    1.2740  0.0  0.0  0.5  1.0  1.4  0.5  0.1  0.1  0.1  0.2  0.2  0.0
      0.41    1.2860  0.0  0.0  0.5  1.0  1.4  0.5  0.1  0.1  0.1  0.2  0.2  0.0
     0.415    1.2950  0.0  0.0  0.5  1.0  1.4  0.5  0.1  0.1  0.1  0.2  0.2  0.0
     0.419    1.2940  0.0  0.0  0.5  1.0  1.4  0.5  0.1  0.1  0.1  0.2  0.2  0.0
     0.424    1.2920  0.0  0.0  0.5  1.0  1.4  0.5  0.1  0.1  0.1  0.2  0.2  0.0
     0.429    1.3000  0.0  0.0  0.5  1.0  1.4  0.5  0.1  0.1  0.1  0.2  0.2  0.0
     0.434    1.3150  0.0  0.0  0.5  1.0  1.4  0.5  0.1  0.1  0.1  0.2  0.2  0.0
     0.439    1.3300  0.0  0.0  0.5  1.0  1.4  0.5  0.1  0.1  0.1  0.2  0.2  0.0
     0.444    1.3370  0.0  0.0  0.5  0.9  1.3  0.5  0.1  0.1  0.1  0.2  0.2  0.0
     0.449    1.3380  0.0  0.0  0.5  0.9  1.3  0.5  0.1  0.1  0.1  0.2  0.2  0.0
     0.455    1.3400  0.0  0.0  0.5  0.9  1.2  0.5  0.1  0.1  0.1  0.2  0.2  0.0
      0.46    1.3440  0.0  0.0  0.5  0.8  1.2  0.5  0.1  0.1  0.1  0.2  0.2  0.0
     0.465    1.3490  0.0  0.0  0.4  0.8  1.2  0.5  0.1  0.1  0.1  0.2  0.2  0.0
      0.47    1.3520  0.0  0.0  0.5  0.8  1.2  0.5  0.1  0.1  0.1  0.2  0.2  0.0
     0.476    1.3530  0.0  0.0  0.4  0.8  1.2  0.5  0.1  0.1  0.1  0.2  0.2  0.0
     0.481    1.3580  0.0  0.0  0.4  0.8  1.2  0.5  0.1  0.1  0.1  0.2  0.2  0.0
     0.487    1.3670  0.0  0.0  0.4  0.8  1.2  0.5  0.1  0.1  0.1  0.2  0.2  0.0
     0.493    1.3750  0.0  0.0  0.4  0.8  1.1  0.5  0.1  0.1  0.1  0.2  0.2  0.0
     0.498    1.3800  0.0  0.0  0.4  0.7  1.1  0.5  0.1  0.1  0.1  0.2  0.2  0.0
     0.504    1.3830  0.0  0.0  0.4  0.7  1.1  0.5  0.1  0.1  0.1  0.2  0.2  0.0
      0.51    1.3900  0.0  0.0  0.4  0.7  1.1  0.5  0.1  0.1  0.1  0.2  0.2  0.0
     0.516    1.3980  0.0  0.0  0.4  0.7  1.1  0.5  0.1  0.1  0.1  0.2  0.2  0.0
     0.522    1.3990  0.0  0.0  0.4  0.7  1.1  0.5  0.1  0.1  0.1  0.2  0.2  0.0
     0.528    1.3890  0.0  0.0  0.4  0.7  1.0  0.5  0.1  0.1  0.1  0.2  0.2  0.0
     0.534    1.3810  0.0  0.0  0.4  0.7  1.0  0.5  0.1  0.1  0.1  0.2  0.2  0.0
      0.54    1.3830  0.0  0.0  0.4  0.7  1.0  0.5  0.1  0.1  0.1  0.2  0.2  0.0
     0.546    1.3880  0.0  0.0  0.4  0.7  1.0  0.5  0.1  0.1  0.1  0.2  0.2  0.0
     0.553    1.3870  0.0  0.0  0.4  0.6  1.0  0.5  0.1  0.1  0.1  0.2  0.2  0.0
     0.559    1.3830  0.0  0.0  0.4  0.6  1.0  0.5  0.1  0.1  0.1  0.2  0.2  0.0
     0.566    1.3860  0.0  0.0  0.4  0.6  0.9  0.5  0.1  0.1  0.1  0.2  0.2  0.0
     0.572    1.3940  0.0  0.0  0.4  0.6  0.9  0.5  0.1  0.1  0.1  0.2  0.2  0.0
     0.579    1.3990  0.0  0.0  0.4  0.6  1.0  0.5  0.1  0.1  0.1  0.2  0.2  0.0
     0.586    1.4010  0.0  0.0  0.4  0.6  0.9  0.5  0.1  0.1  0.1  0.2  0.2  0.0
     0.592    1.4040  0.0  0.0  0.4  0.6  0.9  0.5  0.1  0.1  0.1  0.2  0.2  0.0
     0.599    1.4130  0.0  0.0  0.4  0.6  0.9  0.5  0.1  0.1  0.1  0.2  0.2  0.0
     0.606    1.4280  0.0  0.0  0.4  0.6  0.9  0.5  0.1  0.1  0.1  0.2  0.2  0.0
     0.613    1.4490  0.0  0.0  0.4  0.6  0.9  0.5  0.1  0.1  0.1  0.2  0.2  0.0
      0.62    1.4390  0.0  0.0  0.4  0.6  0.9  0.5  0.1  0.1  0.1  0.2  0.2  0.0
     0.627    1.4430  0.0  0.0  0.4  0.5  0.8  0.5  0.1  0.1  0.1  0.2  0.2  0.0
     0.635    1.4310  0.0  0.0  0.4  0.5  0.8  0.5  0.1  0.1  0.1  0.2  0.2  0.0
     0.642    1.4210  0.0  0.0  0.4  0.5  0.8  0.5  0.1  0.1  0.1  0.2  0.2  0.0
     0.649    1.4500  0.0  0.0  0.4  0.5  0.8  0.5  0.1  0.1  0.1  0.2  0.2  0.0
     0.657    1.4450  0.0  0.0  0.4  0.5  0.8  0.5  0.1  0.1  0.1  0.2  0.2  0.0
     0.665    1.4520  0.0  0.0  0.4  0.5  0.8  0.5  0.1  0.1  0.1  0.2  0.2  0.0
     0.672    1.4570  0.0  0.0  0.4  0.5  0.8  0.5  0.1  0.1  0.1  0.2  0.2  0.0
      0.68    1.4510  0.0  0.0  0.4  0.5  0.8  0.5  0.1  0.1  0.1  0.2  0.2  0.0
     0.688    1.4490  0.0  0.0  0.4  0.5  0.8  0.5  0.1  0.1  0.1  0.2  0.2  0.0
     0.696    1.4580  0.0  0.0  0.4  0.5  0.8  0.5  0.1  0.1  0.1  0.2  0.2  0.0
     0.704    1.4610  0.0  0.0  0.4  0.5  0.7  0.5  0.1  0.1  0.1  0.2  0.2  0.0
     0.712    1.4730  0.0  0.0  0.4  0.5  0.8  0.5  0.1  0.1  0.1  0.2  0.2  0.0
      0.72    1.4690  0.0  0.0  0.4  0.5  0.8  0.5  0.1  0.1  0.1  0.2  0.2  0.0
     0.729    1.4690  0.0  0.0  0.4  0.5  0.8  0.5  0.1  0.1  0.1  0.2  0.2  0.0
     0.737    1.4850  0.0  0.0  0.4  0.4  0.7  0.5  0.1  0.1  0.1  0.2  0.2  0.0
     0.746    1.4970  0.0  0.0  0.4  0.5  0.7  0.5  0.1  0.1  0.1  0.2  0.2  0.0
     0.754    1.5130  0.0  0.0  0.4  0.5  0.8  0.5  0.1  0.1  0.1  0.2  0.2  0.0
     0.763    1.5080  0.0  0.0  0.4  0.4  0.7  0.5  0.1  0.1  0.1  0.2  0.2  0.0
     0.772    1.5100  0.0  0.0  0.4  0.4  0.7  0.5  0.1  0.1  0.1  0.2  0.2  0.0
     0.781    1.5100  0.0  0.0  0.4  0.4  0.7  0.5  0.1  0.1  0.1  0.2  0.2  0.0
      0.79    1.5250  0.0  0.0  0.4  0.4  0.7  0.5  0.1  0.1  0.1  0.2  0.2  0.0
     0.799    1.5340  0.0  0.0  0.3  0.4  0.7  0.5  0.1  0.1  0.1  0.2  0.2  0.0
     0.808    1.5190  0.0  0.0  0.3  0.4  0.7  0.5  0.1  0.1  0.1  0.2  0.2  0.0
     0.818    1.5190  0.0  0.0  0.3  0.4  0.7  0.5  0.1  0.1  0.1  0.2  0.2  0.0
     0.827    1.5310  0.0  0.0  0.3  0.4  0.7  0.5  0.1  0.1  0.1  0.2  0.2  0.0
     0.837    1.5170  0.0  0.0  0.3  0.4  0.7  0.5  0.1  0.1  0.1  0.2  0.2  0.0
     0.846    1.5200  0.0  0.0  0.3  0.4  0.7  0.5  0.1  0.1  0.1  0.2  0.2  0.0
     0.856    1.4980  0.0  0.0  0.3  0.4  0.7  0.5  0.1  0.1  0.1  0.2  0.2  0.0
     0.866    1.4920  0.0  0.0  0.3  0.4  0.7  0.5  0.1  0.1  0.1  0.2  0.2  0.0
     0.876    1.4870  0.0  0.0  0.3  0.4  0.6  0.5  0.1  0.1  0.1  0.2  0.2  0.0
     0.886    1.4860  0.0  0.0  0.3  0.4  0.6  0.5  0.1  0.1  0.1  0.2  0.2  0.0
     0.896    1.4660  0.0  0.0  0.3  0.4  0.6  0.5  0.1  0.1  0.1  0.2  0.2  0.0
     0.907    1.4530  0.0  0.0  0.3  0.4  0.6  0.5  0.1  0.1  0.1  0.2  0.2  0.0
     0.917    1.4480  0.0  0.0  0.3  0.4  0.6  0.5  0.1  0.1  0.1  0.2  0.2  0.0
     0.928    1.4280  0.0  0.0  0.3  0.4  0.6  0.5  0.1  0.1  0.1  0.2  0.2  0.0
     0.939    1.4340  0.0  0.0  0.3  0.4  0.6  0.5  0.1  0.1  0.1  0.2  0.2  0.0
      0.95    1.4310  0.0  0.0  0.3  0.4  0.6  0.5  0.1  0.1  0.1  0.2  0.2  0.0
     0.961    1.4390  0.0  0.0  0.3  0.4  0.6  0.5  0.1  0.1  0.1  0.2  0.2  0.0
     0.972    1.4240  0.0  0.0  0.3  0.4  0.6  0.5  0.1  0.1  0.1  0.2  0.2  0.0
     0.983    1.4260  0.0  0.0  0.3  0.4  0.6  0.5  0.1  0.1  0.1  0.2  0.2  0.0
     0.994    1.4310  0.0  0.0  0.3  0.4  0.6  0.5  0.1  0.1  0.1  0.2  0.2  0.0
      1.01    1.4250  0.0  0.0  0.3  0.4  0.6  0.5  0.1  0.1  0.1  0.2  0.2  0.0
      1.02    1.4290  0.0  0.0  0.3  0.4  0.6  0.5  0.1  0.1  0.1  0.2  0.2  0.0
      1.03    1.4410  0.0  0.0  0.3  0.4  0.6  0.5  0.1  0.1  0.1  0.2  0.2  0.0
      1.04    1.4380  0.0  0.0  0.3  0.4  0.6  0.5  0.1  0.1  0.1  0.2  0.2  0.0
      1.05    1.4460  0.0  0.0  0.3  0.3  0.6  0.5  0.1  0.1  0.1  0.2  0.2  0.0
      1.07    1.4560  0.0  0.0  0.3  0.3  0.6  0.5  0.1  0.1  0.1  0.2  0.2  0.0
      1.08    1.4570  0.0  0.0  0.3  0.3  0.6  0.5  0.1  0.1  0.1  0.2  0.2  0.0
      1.09    1.4510  0.0  0.0  0.3  0.3  0.5  0.5  0.1  0.1  0.1  0.2  0.2  0.0
       1.1    1.4620  0.0  0.0  0.3  0.3  0.5  0.5  0.1  0.1  0.1  0.2  0.2  0.0
      1.12    1.4700  0.0  0.0  0.3  0.3  0.6  0.5  0.1  0.1  0.1  0.2  0.2  0.0
      1.13    1.4550  0.0  0.0  0.3  0.3  0.5  0.5  0.1  0.1  0.1  0.2  0.2  0.0
      1.14    1.4740  0.0  0.0  0.3  0.3  0.5  0.5  0.1  0.1  0.1  0.2  0.2  0.0
      1.16    1.4760  0.0  0.0  0.3  0.3  0.5  0.5  0.1  0.1  0.1  0.2  0.2  0.0
      1.17    1.4790  0.0  0.0  0.3  0.3  0.5  0.5  0.1  0.1  0.1  0.2  0.2  0.0
      1.18    1.4920  0.0  0.0  0.3  0.3  0.5  0.5  0.1  0.1  0.1  0.2  0.2  0.0
       1.2    1.4920  0.0  0.0  0.3  0.3  0.5  0.5  0.1  0.1  0.1  0.2  0.2  0.0
      1.21    1.5170  0.0  0.0  0.3  0.3  0.5  0.5  0.1  0.1  0.1  0.2  0.2  0.0
      1.22    1.5180  0.0  0.0  0.3  0.3  0.5  0.5  0.1  0.1  0.1  0.2  0.2  0.0
      1.24    1.5140  0.0  0.0  0.3  0.3  0.5  0.5  0.1  0.1  0.1  0.2  0.2  0.0
      1.25    1.5210  0.0  0.0  0.3  0.3  0.5  0.5  0.1  0.1  0.1  0.2  0.2  0.0
      1.27    1.5270  0.0  0.0  0.3  0.3  0.5  0.5  0.1  0.1  0.1  0.2  0.2  0.0
      1.28    1.5340  0.0  0.0  0.3  0.3  0.5  0.5  0.1  0.1  0.1  0.2  0.2  0.0
       1.3    1.5420  0.0  0.0  0.3  0.3  0.5  0.5  0.1  0.1  0.1  0.2  0.2  0.0
      1.31    1.5400  0.0  0.0  0.3  0.3  0.5  0.5  0.1  0.1  0.1  0.2  0.2  0.0
      1.33    1.5520  0.0  0.0  0.3  0.3  0.5  0.5  0.1  0.1  0.1  0.2  0.2  0.0
      1.34    1.5510  0.0  0.0  0.3  0.3  0.5  0.5  0.1  0.1  0.1  0.2  0.2  0.0
      1.36    1.5540  0.0  0.0  0.3  0.3  0.5  0.5  0.1  0.1  0.1  0.2  0.2  0.0
      1.37    1.5580  0.0  0.0  0.3  0.3  0.5  0.5  0.1  0.1  0.1  0.2  0.2  0.0
      1.39    1.5530  0.0  0.0  0.3  0.3  0.5  0.5  0.1  0.1  0.1  0.2  0.2  0.0
       1.4    1.5570  0.0  0.0  0.3  0.3  0.5  0.5  0.1  0.1  0.1  0.2  0.2  0.0
      1.42    1.5480  0.0  0.0  0.3  0.3  0.5  0.5  0.1  0.1  0.1  0.2  0.2  0.0
      1.44    1.5540  0.0  0.0  0.3  0.3  0.5  0.5  0.1  0.1  0.1  0.2  0.2  0.0
      1.45    1.5540  0.0  0.0  0.3  0.3  0.5  0.5  0.1  0.1  0.1  0.2  0.2  0.0
      1.47    1.5460  0.0  0.0  0.3  0.3  0.5  0.5  0.1  0.1  0.1  0.2  0.2  0.0
      1.49    1.5470  0.0  0.0  0.3  0.3  0.5  0.5  0.1  0.1  0.1  0.2  0.2  0.0
      1.51    1.5510  0.0  0.0  0.3  0.3  0.5  0.5  0.1  0.1  0.1  0.2  0.2  0.0
      1.52    1.5590  0.0  0.0  0.3  0.3  0.5  0.5  0.1  0.1  0.1  0.2  0.2  0.0
      1.54    1.5550  0.0  0.0  0.3  0.3  0.5  0.5  0.1  0.1  0.1  0.2  0.2  0.0
      1.56    1.5480  0.0  0.0  0.3  0.3  0.5  0.5  0.1  0.1  0.1  0.2  0.2  0.0
      1.58    1.5470  0.0  0.0  0.3  0.3  0.5  0.5  0.1  0.1  0.1  0.2  0.2  0.0
      1.59    1.5460  0.0  0.0  0.3  0.3  0.5  0.5  0.1  0.1  0.1  0.2  0.2  0.0
      1.61    1.5520  0.0  0.0  0.3  0.3  0.5  0.5  0.1  0.1  0.1  0.2  0.2  0.0
      1.63    1.5420  0.0  0.0  0.3  0.3  0.5  0.5  0.1  0.1  0.1  0.2  0.2  0.0
      1.65    1.5390  0.0  0.0  0.3  0.3  0.5  0.5  0.1  0.1  0.1  0.2  0.2  0.0
      1.67    1.5390  0.0  0.0  0.3  0.3  0.5  0.5  0.1  0.1  0.1  0.2  0.2  0.0
      1.69    1.5320  0.0  0.0  0.3  0.3  0.5  0.5  0.1  0.1  0.1  0.2  0.2  0.0
      1.71    1.5300  0.0  0.0  0.3  0.3  0.5  0.5  0.1  0.1  0.1  0.2  0.2  0.0
      1.73    1.5330  0.0  0.0  0.3  0.3  0.5  0.5  0.1  0.1  0.1  0.2  0.2  0.0
      1.75    1.5330  0.0  0.0  0.3  0.3  0.5  0.5  0.1  0.1  0.1  0.2  0.2  0.0
      1.77    1.5310  0.0  0.0  0.3  0.3  0.5  0.5  0.1  0.1  0.1  0.2  0.2  0.0
      1.79    1.5260  0.0  0.0  0.3  0.3  0.5  0.5  0.1  0.1  0.1  0.2  0.2  0.0
      1.81    1.5320  0.0  0.0  0.3  0.3  0.4  0.5  0.1  0.1  0.1  0.2  0.2  0.0
      1.83    1.5270  0.0  0.0  0.3  0.3  0.4  0.5  0.1  0.1  0.1  0.2  0.2  0.0
      1.85    1.5260  0.0  0.0  0.3  0.3  0.4  0.5  0.1  0.1  0.1  0.2  0.2  0.0
      1.87    1.5230  0.0  0.0  0.3  0.3  0.4  0.5  0.1  0.1  0.1  0.2  0.2  0.0
       1.9    1.5220  0.0  0.0  0.3  0.3  0.4  0.5  0.1  0.1  0.1  0.2  0.2  0.0
      1.92    1.5310  0.0  0.0  0.3  0.3  0.4  0.5  0.1  0.1  0.1  0.2  0.2  0.0
      1.94    1.5270  0.0  0.0  0.3  0.3  0.4  0.5  0.1  0.1  0.1  0.2  0.2  0.0
      1.96    1.5270  0.0  0.0  0.3  0.3  0.4  0.5  0.1  0.1  0.1  0.2  0.2  0.0
      1.98    1.5180  0.0  0.0  0.3  0.3  0.4  0.5  0.1  0.1  0.1  0.2  0.2  0.0
      2.01    1.5280  0.0  0.0  0.3  0.3  0.4  0.5  0.1  0.1  0.1  0.2  0.2  0.0
      2.03    1.5330  0.0  0.0  0.3  0.3  0.4  0.5  0.1  0.1  0.1  0.2  0.2  0.0
      2.05    1.5260  0.0  0.0  0.3  0.3  0.4  0.5  0.1  0.1  0.1  0.2  0.2  0.0
      2.08    1.5230  0.0  0.0  0.3  0.3  0.4  0.5  0.1  0.1  0.1  0.2  0.2  0.0
       2.1    1.5280  0.0  0.0  0.3  0.3  0.4  0.5  0.1  0.1  0.1  0.2  0.2  0.0
      2.13    1.5210  0.0  0.0  0.3  0.3  0.4  0.5  0.1  0.1  0.1  0.2  0.2  0.0
      2.15    1.5160  0.0  0.0  0.3  0.3  0.4  0.5  0.1  0.1  0.1  0.2  0.2  0.0
      2.18    1.5050  0.0  0.0  0.3  0.3  0.4  0.5  0.1  0.1  0.1  0.2  0.2  0.0
       2.2    1.5160  0.0  0.0  0.3  0.3  0.4  0.5  0.1  0.1  0.1  0.2  0.2  0.0
      2.23    1.5060  0.0  0.0  0.3  0.3  0.4  0.5  0.1  0.1  0.1  0.2  0.2  0.0
      2.25    1.5110  0.0  0.0  0.3  0.3  0.4  0.5  0.1  0.1  0.1  0.2  0.2  0.0
      2.28    1.5150  0.0  0.0  0.3  0.3  0.4  0.5  0.1  0.1  0.1  0.2  0.2  0.0
       2.3    1.5160  0.0  0.0  0.3  0.3  0.4  0.5  0.1  0.1  0.1  0.2  0.2  0.0
      2.33    1.5220  0.0  0.0  0.3  0.3  0.4  0.5  0.1  0.1  0.1  0.2  0.2  0.0
      2.36    1.5140  0.0  0.0  0.3  0.3  0.4  0.5  0.1  0.1  0.1  0.2  0.2  0.0
      2.39    1.5180  0.0  0.0  0.3  0.3  0.4  0.5  0.1  0.1  0.1  0.2  0.2  0.0
      2.41    1.5070  0.0  0.0  0.3  0.3  0.4  0.5  0.1  0.1  0.1  0.2  0.2  0.0
      2.44    1.5130  0.0  0.0  0.3  0.3  0.4  0.5  0.1  0.1  0.1  0.2  0.2  0.0
      2.47    1.5110  0.0  0.0  0.3  0.3  0.4  0.5  0.1  0.1  0.1  0.2  0.2  0.0
       2.5    1.5160  0.0  0.0  0.3  0.3  0.4  0.5  0.1  0.1  0.1  0.2  0.2  0.0
      2.53    1.5050  0.0  0.0  0.3  0.3  0.4  0.5  0.1  0.1  0.1  0.2  0.2  0.0
      2.56    1.5090  0.0  0.0  0.3  0.3  0.4  0.5  0.1  0.1  0.1  0.2  0.2  0.0
      2.59    1.5010  0.0  0.0  0.3  0.3  0.4  0.5  0.1  0.1  0.1  0.2  0.2  0.0
      2.62    1.5110  0.0  0.0  0.3  0.3  0.4  0.5  0.1  0.1  0.1  0.2  0.2  0.0
      2.65    1.5050  0.0  0.0  0.3  0.3  0.4  0.5  0.1  0.1  0.1  0.2  0.2  0.0
      2.68    1.5040  0.0  0.0  0.3  0.3  0.4  0.5  0.1  0.1  0.1  0.2  0.2  0.0
      2.71    1.5100  0.0  0.0  0.3  0.3  0.4  0.5  0.1  0.1  0.1  0.2  0.2  0.0
      2.74    1.5150  0.0  0.0  0.3  0.3  0.4  0.5  0.1  0.1  0.1  0.2  0.2  0.0
      2.77    1.5130  0.0  0.0  0.3  0.3  0.4  0.5  0.1  0.1  0.1  0.2  0.2  0.0
       2.8    1.5110  0.0  0.0  0.3  0.3  0.4  0.5  0.1  0.1  0.1  0.2  0.2  0.0
      2.84    1.5170  0.0  0.0  0.3  0.3  0.4  0.5  0.1  0.1  0.1  0.2  0.2  0.0
      2.87    1.5130  0.0  0.0  0.3  0.3  0.4  0.5  0.1  0.1  0.1  0.2  0.2  0.0
       2.9    1.5110  0.0  0.0  0.3  0.3  0.4  0.5  0.1  0.1  0.1  0.2  0.2  0.0
      2.93    1.5170  0.0  0.0  0.3  0.3  0.4  0.5  0.1  0.1  0.1  0.2  0.2  0.0
      2.97    1.5220  0.0  0.0  0.3  0.3  0.4  0.5  0.1  0.1  0.1  0.2  0.2  0.0
         3    1.5150  0.0  0.0  0.3  0.3  0.4  0.5  0.1  0.1  0.1  0.2  0.2  0.0
      3.04    1.5240  0.0  0.0  0.3  0.3  0.4  0.5  0.1  0.1  0.1  0.2  0.2  0.0
      3.07    1.5240  0.0  0.0  0.3  0.3  0.4  0.5  0.1  0.1  0.1  0.2  0.2  0.0
      3.11    1.5200  0.0  0.0  0.3  0.3  0.4  0.5  0.1  0.1  0.1  0.2  0.2  0.0
      3.14    1.5280  0.0  0.0  0.3  0.3  0.4  0.5  0.1  0.1  0.1  0.2  0.2  0.0
      3.18    1.5180  0.0  0.0  0.3  0.3  0.4  0.5  0.1  0.1  0.1  0.2  0.2  0.0
      3.22    1.5180  0.0  0.0  0.3  0.3  0.4  0.5  0.1  0.1  0.1  0.2  0.2  0.0
      3.26    1.5380  0.0  0.0  0.3  0.3  0.4  0.5  0.1  0.1  0.1  0.2  0.2  0.0
      3.29    1.5300  0.0  0.0  0.3  0.3  0.4  0.5  0.1  0.1  0.1  0.2  0.2  0.0
      3.33    1.5300  0.0  0.0  0.3  0.3  0.4  0.5  0.1  0.1  0.1  0.2  0.2  0.0
      3.37    1.5360  0.0  0.0  0.3  0.3  0.4  0.5  0.1  0.1  0.1  0.2  0.2  0.0
      3.41    1.5270  0.0  0.0  0.3  0.3  0.4  0.5  0.1  0.1  0.1  0.2  0.2  0.0
      3.45    1.5280  0.0  0.0  0.3  0.3  0.4  0.5  0.1  0.1  0.1  0.2  0.2  0.0
      3.49    1.5370  0.0  0.0  0.3  0.3  0.4  0.5  0.1  0.1  0.1  0.2  0.2  0.0
      3.53    1.5320  0.0  0.0  0.3  0.3  0.4  0.5  0.1  0.1  0.1  0.2  0.2  0.0
      3.57    1.5370  0.0  0.0  0.3  0.3  0.4  0.5  0.1  0.1  0.1  0.2  0.2  0.0
      3.61    1.5390  0.0  0.0  0.3  0.3  0.4  0.5  0.1  0.1  0.1  0.2  0.2  0.0
      3.65    1.5380  0.0  0.0  0.3  0.3  0.4  0.5  0.1  0.1  0.1  0.2  0.2  0.0
      3.69    1.5280  0.0  0.0  0.3  0.3  0.4  0.5  0.1  0.1  0.1  0.2  0.2  0.0
      3.74    1.5360  0.0  0.0  0.3  0.3  0.4  0.5  0.1  0.1  0.1  0.2  0.2  0.0
      3.78    1.5350  0.0  0.0  0.3  0.3  0.4  0.5  0.1  0.1  0.1  0.2  0.2  0.0
      3.82    1.5320  0.0  0.0  0.3  0.3  0.4  0.5  0.1  0.1  0.1  0.2  0.2  0.0
      3.87    1.5370  0.0  0.0  0.3  0.3  0.4  0.5  0.1  0.1  0.1  0.2  0.2  0.0
      3.91    1.5360  0.0  0.0  0.3  0.3  0.4  0.5  0.1  0.1  0.1  0.2  0.2  0.0
      3.96    1.5450  0.0  0.0  0.3  0.3  0.5  0.5  0.1  0.1  0.1  0.2  0.2  0.0
         4    1.5420  0.0  0.0  0.3  0.3  0.4  0.5  0.1  0.1  0.1  0.2  0.2  0.0
      4.05    1.5450  0.0  0.0  0.3  0.3  0.5  0.5  0.1  0.1  0.1  0.2  0.2  0.0
       4.1    1.5450  0.0  0.0  0.3  0.3  0.5  0.5  0.1  0.1  0.1  0.2  0.2  0.0
      4.15    1.5380  0.0  0.0  0.3  0.3  0.5  0.5  0.1  0.1  0.1  0.2  0.2  0.0
      4.19    1.5370  0.0  0.0  0.3  0.3  0.5  0.5  0.1  0.1  0.1  0.2  0.2  0.0
      4.24    1.5430  0.0  0.0  0.4  0.3  0.5  0.5  0.1  0.1  0.1  0.2  0.2  0.0
      4.29    1.5470  0.0  0.0  0.4  0.3  0.5  0.5  0.1  0.1  0.1  0.2  0.2  0.0
      4.34    1.5530  0.0  0.0  0.4  0.3  0.5  0.5  0.1  0.1  0.1  0.2  0.2  0.0
      4.39    1.5500  0.0  0.0  0.4  0.3  0.5  0.5  0.1  0.1  0.1  0.2  0.2  0.0
      4.44    1.5390  0.0  0.0  0.4  0.3  0.5  0.5  0.1  0.1  0.1  0.2  0.2  0.0
      4.49    1.5390  0.0  0.0  0.4  0.3  0.5  0.5  0.1  0.1  0.1  0.2  0.2  0.0
      4.55    1.5510  0.0  0.0  0.4  0.3  0.5  0.5  0.1  0.1  0.1  0.2  0.2  0.0
       4.6    1.5400  0.0  0.0  0.4  0.3  0.5  0.5  0.1  0.1  0.1  0.2  0.2  0.0
      4.65    1.5570  0.0  0.0  0.4  0.3  0.5  0.5  0.1  0.1  0.1  0.2  0.2  0.0
       4.7    1.5500  0.0  0.0  0.4  0.3  0.5  0.5  0.1  0.1  0.1  0.2  0.2  0.0
      4.76    1.5570  0.0  0.0  0.4  0.3  0.5  0.5  0.1  0.1  0.1  0.2  0.2  0.0
      4.81    1.5520  0.0  0.0  0.4  0.3  0.5  0.5  0.1  0.1  0.1  0.2  0.2  0.0
      4.87    1.5520  0.0  0.0  0.4  0.3  0.5  0.5  0.1  0.1  0.1  0.2  0.2  0.0
      4.93    1.5370  0.0  0.0  0.4  0.3  0.5  0.5  0.1  0.1  0.1  0.2  0.2  0.0
      4.98    1.5490  0.0  0.0  0.4  0.3  0.5  0.5  0.1  0.1  0.1  0.2  0.2  0.0
      5.04    1.5490  0.0  0.0  0.4  0.3  0.5  0.5  0.1  0.1  0.1  0.2  0.2  0.0
       5.1    1.5670  0.0  0.0  0.4  0.3  0.5  0.5  0.1  0.1  0.1  0.2  0.2  0.0
      5.16    1.5580  0.0  0.0  0.4  0.3  0.5  0.5  0.1  0.1  0.1  0.2  0.2  0.0
      5.22    1.5610  0.0  0.0  0.4  0.3  0.5  0.5  0.1  0.1  0.1  0.2  0.2  0.0
      5.28    1.5670  0.0  0.0  0.4  0.3  0.5  0.5  0.1  0.1  0.1  0.2  0.2  0.0
      5.34    1.5730  0.0  0.0  0.4  0.3  0.5  0.5  0.1  0.1  0.1  0.2  0.2  0.0
       5.4    1.5720  0.0  0.0  0.4  0.3  0.5  0.5  0.1  0.1  0.1  0.2  0.2  0.0
      5.46    1.5700  0.0  0.0  0.4  0.3  0.5  0.5  0.1  0.1  0.1  0.2  0.2  0.0
      5.53    1.5820  0.0  0.0  0.4  0.3  0.5  0.5  0.1  0.1  0.1  0.2  0.2  0.0
      5.59    1.5850  0.0  0.0  0.4  0.3  0.5  0.5  0.1  0.1  0.1  0.2  0.2  0.0
      5.66    1.6070  0.0  0.0  0.4  0.3  0.5  0.5  0.1  0.1  0.1  0.2  0.2  0.0
      5.72    1.6090  0.0  0.0  0.4  0.3  0.5  0.5  0.1  0.1  0.1  0.1  0.2  0.0
      5.79    1.6100  0.0  0.0  0.4  0.3  0.5  0.5  0.1  0.1  0.1  0.1  0.2  0.0
      5.86    1.6060  0.0  0.0  0.4  0.3  0.5  0.5  0.1  0.1  0.1  0.1  0.2  0.0
      5.92    1.5980  0.0  0.0  0.4  0.3  0.5  0.5  0.1  0.1  0.1  0.1  0.2  0.0
      5.99    1.5890  0.0  0.0  0.4  0.3  0.5  0.5  0.1  0.1  0.1  0.1  0.2  0.0
      6.06    1.5870  0.0  0.0  0.4  0.3  0.5  0.5  0.1  0.1  0.1  0.1  0.2  0.0
      6.13    1.5680  0.0  0.0  0.4  0.3  0.5  0.5  0.1  0.1  0.1  0.1  0.2  0.0
       6.2    1.5300  0.0  0.0  0.4  0.3  0.5  0.5  0.1  0.1  0.1  0.1  0.2  0.0
      6.27    1.5100  0.0  0.0  0.4  0.3  0.5  0.5  0.1  0.1  0.1  0.1  0.2  0.0
      6.35    1.4790  0.0  0.0  0.4  0.3  0.5  0.5  0.1  0.1  0.1  0.1  0.2  0.0
      6.42    1.4570  0.0  0.0  0.4  0.3  0.4  0.5  0.1  0.1  0.1  0.1  0.2  0.0
      6.49    1.4330  0.0  0.0  0.4  0.3  0.4  0.5  0.1  0.1  0.1  0.1  0.2  0.0
      6.57    1.4120  0.0  0.0  0.4  0.3  0.4  0.5  0.1  0.1  0.1  0.1  0.2  0.0
      6.65    1.4000  0.0  0.0  0.4  0.3  0.4  0.5  0.1  0.1  0.1  0.1  0.2  0.0
      6.72    1.3800  0.0  0.0  0.4  0.3  0.4  0.5  0.1  0.1  0.1  0.1  0.2  0.0
       6.8    1.3830  0.0  0.0  0.4  0.3  0.4  0.5  0.1  0.1  0.1  0.1  0.2  0.0
      6.88    1.3440  0.0  0.0  0.4  0.3  0.4  0.5  0.1  0.1  0.1  0.1  0.2  0.0
      6.96    1.3310  0.0  0.0  0.4  0.3  0.4  0.5  0.1  0.1  0.1  0.1  0.2  0.0
      7.04    1.3170  0.0  0.0  0.4  0.3  0.4  0.5  0.1  0.1  0.1  0.1  0.2  0.0
      7.12    1.3070  0.0  0.0  0.4  0.3  0.4  0.5  0.1  0.1  0.1  0.1  0.2  0.0
       7.2    1.3070  0.0  0.0  0.4  0.3  0.4  0.5  0.1  0.1  0.1  0.1  0.2  0.0
      7.29    1.2980  0.0  0.0  0.4  0.3  0.4  0.5  0.1  0.1  0.1  0.1  0.2  0.0
      7.37    1.2830  0.0  0.0  0.4  0.3  0.4  0.5  0.1  0.1  0.1  0.1  0.2  0.0
      7.46    1.2860  0.0  0.0  0.4  0.3  0.4  0.5  0.1  0.1  0.1  0.1  0.2  0.0
      7.54    1.2800  0.0  0.0  0.4  0.3  0.4  0.5  0.1  0.1  0.1  0.1  0.2  0.0
      7.63    1.2740  0.0  0.0  0.4  0.3  0.4  0.5  0.1  0.1  0.1  0.1  0.2  0.0
      7.72    1.2700  0.0  0.0  0.4  0.3  0.4  0.5  0.1  0.1  0.1  0.1  0.2  0.0
      7.81    1.2780  0.0  0.0  0.4  0.3  0.4  0.5  0.1  0.1  0.1  0.1  0.2  0.0
       7.9    1.2720  0.0  0.0  0.4  0.3  0.4  0.5  0.1  0.1  0.1  0.1  0.2  0.0
      7.99    1.2660  0.0  0.0  0.4  0.3  0.4  0.5  0.1  0.1  0.1  0.1  0.2  0.0
      8.08    1.2690  0.0  0.0  0.4  0.3  0.4  0.5  0.1  0.1  0.1  0.1  0.2  0.0
      8.18    1.2640  0.0  0.0  0.4  0.3  0.4  0.5  0.1  0.1  0.1  0.1  0.2  0.0
      8.27    1.2690  0.0  0.0  0.4  0.3  0.4  0.5  0.1  0.1  0.1  0.1  0.2  0.0
      8.37    1.2630  0.0  0.0  0.4  0.3  0.4  0.5  0.1  0.1  0.1  0.1  0.2  0.0
      8.46    1.2590  0.0  0.0  0.4  0.3  0.4  0.5  0.1  0.1  0.1  0.1  0.2  0.0
      8.56    1.2650  0.0  0.0  0.4  0.3  0.4  0.5  0.1  0.1  0.1  0.1  0.2  0.0
      8.66    1.2590  0.0  0.0  0.4  0.3  0.4  0.5  0.1  0.1  0.1  0.1  0.2  0.0
      8.76    1.2660  0.0  0.0  0.4  0.3  0.4  0.5  0.1  0.1  0.1  0.1  0.2  0.0
      8.86    1.2640  0.0  0.0  0.4  0.3  0.4  0.5  0.1  0.1  0.1  0.1  0.2  0.0
      8.96    1.2600  0.0  0.0  0.4  0.3  0.4  0.5  0.1  0.1  0.1  0.1  0.2  0.0
      9.07    1.2680  0.0  0.0  0.4  0.3  0.4  0.5  0.1  0.1  0.1  0.1  0.2  0.0
      9.17    1.2600  0.0  0.0  0.4  0.3  0.4  0.5  0.1  0.1  0.1  0.1  0.2  0.0
      9.28    1.2650  0.0  0.0  0.4  0.3  0.4  0.5  0.1  0.1  0.1  0.1  0.2  0.0
      9.39    1.2560  0.0  0.0  0.4  0.3  0.4  0.5  0.1  0.1  0.1  0.1  0.2  0.0
       9.5    1.2640  0.0  0.0  0.4  0.3  0.4  0.5  0.1  0.1  0.1  0.1  0.2  0.0
      9.61    1.2630  0.0  0.0  0.4  0.3  0.4  0.5  0.1  0.1  0.1  0.1  0.2  0.0
      9.72    1.2700  0.0  0.0  0.4  0.3  0.4  0.5  0.1  0.1  0.1  0.1  0.2  0.0
      9.83    1.2720  0.0  0.0  0.4  0.3  0.4  0.5  0.1  0.1  0.1  0.1  0.2  0.0
      9.94    1.2800  0.0  0.0  0.4  0.3  0.4  0.5  0.1  0.1  0.1  0.1  0.2  0.0
      10.1    1.2730  0.0  0.0  0.4  0.3  0.4  0.5  0.1  0.1  0.1  0.1  0.2  0.0
      10.2    1.2810  0.0  0.0  0.4  0.3  0.4  0.5  0.1  0.1  0.1  0.1  0.2  0.0
      10.3    1.2870  0.0  0.0  0.4  0.3  0.4  0.5  0.1  0.1  0.1  0.1  0.2  0.0
      10.4    1.2760  0.0  0.0  0.4  0.3  0.4  0.5  0.1  0.1  0.1  0.1  0.2  0.0
      10.5    1.2860  0.0  0.0  0.4  0.4  0.5  0.5  0.1  0.1  0.1  0.1  0.2  0.0
      10.7    1.2950  0.0  0.0  0.4  0.4  0.5  0.5  0.1  0.1  0.1  0.1  0.2  0.0
      10.8    1.2880  0.0  0.0  0.4  0.4  0.5  0.5  0.1  0.1  0.1  0.1  0.2  0.0
      10.9    1.2860  0.0  0.0  0.4  0.4  0.5  0.5  0.1  0.1  0.1  0.1  0.2  0.0
        11    1.2860  0.0  0.0  0.4  0.4  0.5  0.5  0.1  0.1  0.1  0.1  0.2  0.0
      11.2    1.2850  0.0  0.0  0.4  0.4  0.5  0.5  0.1  0.1  0.1  0.1  0.2  0.0
      11.3    1.2990  0.0  0.0  0.4  0.4  0.5  0.5  0.1  0.1  0.1  0.1  0.2  0.0
      11.4    1.2910  0.0  0.0  0.4  0.4  0.5  0.5  0.1  0.1  0.1  0.1  0.2  0.0
      11.6    1.2910  0.0  0.0  0.5  0.4  0.5  0.5  0.1  0.1  0.1  0.1  0.2  0.0
      11.7    1.2910  0.0  0.0  0.5  0.4  0.5  0.5  0.1  0.1  0.1  0.1  0.2  0.0
      11.8    1.2910  0.0  0.0  0.5  0.4  0.5  0.5  0.1  0.1  0.1  0.1  0.2  0.0
        12    1.2880  0.0  0.0  0.5  0.4  0.5  0.5  0.1  0.1  0.1  0.1  0.2  0.0
      12.1    1.2920  0.0  0.0  0.5  0.4  0.5  0.5  0.1  0.1  0.1  0.1  0.2  0.0
      12.2    1.2850  0.0  0.0  0.5  0.4  0.5  0.5  0.1  0.1  0.1  0.1  0.2  0.0
      12.4    1.2710  0.0  0.0  0.5  0.4  0.5  0.5  0.1  0.1  0.1  0.1  0.2  0.0
      12.5    1.2630  0.0  0.0  0.5  0.4  0.5  0.5  0.1  0.1  0.1  0.1  0.2  0.0
      12.7    1.2460  0.0  0.0  0.5  0.4  0.5  0.5  0.1  0.1  0.1  0.1  0.2  0.0
      12.8    1.2300  0.0  0.0  0.5  0.4  0.5  0.5  0.1  0.1  0.1  0.1  0.2  0.0
        13    1.2190  0.0  0.0  0.5  0.4  0.5  0.5  0.1  0.1  0.1  0.1  0.2  0.0
      13.1    1.2030  0.0  0.0  0.5  0.4  0.5  0.5  0.1  0.1  0.1  0.1  0.2  0.0
      13.3    1.1950  0.0  0.0  0.5  0.4  0.5  0.5  0.1  0.1  0.1  0.1  0.2  0.0
      13.4    1.1830  0.0  0.0  0.5  0.4  0.5  0.5  0.1  0.1  0.1  0.1  0.2  0.0
      13.6    1.1670  0.0  0.0  0.5  0.4  0.5  0.5  0.1  0.1  0.1  0.1  0.2  0.0
      13.7    1.1540  0.0  0.0  0.5  0.4  0.5  0.5  0.1  0.1  0.1  0.1  0.2  0.0
      13.9    1.1500  0.0  0.0  0.5  0.4  0.5  0.5  0.1  0.1  0.1  0.1  0.2  0.0
        14    1.1400  0.0  0.0  0.5  0.4  0.5  0.5  0.1  0.1  0.1  0.1  0.2  0.0
      14.2    1.1300  0.0  0.0  0.5  0.4  0.5  0.5  0.1  0.1  0.1  0.1  0.2  0.0
      14.4    1.1270  0.0  0.0  0.5  0.4  0.5  0.5  0.1  0.1  0.1  0.1  0.2  0.0
      14.5    1.1260  0.0  0.0  0.5  0.4  0.5  0.5  0.1  0.1  0.1  0.1  0.2  0.0
      14.7    1.1220  0.0  0.0  0.5  0.4  0.5  0.5  0.1  0.1  0.1  0.1  0.2  0.0
      14.9    1.1180  0.0  0.0  0.5  0.4  0.5  0.5  0.1  0.1  0.1  0.1  0.2  0.0
      15.1    1.1090  0.0  0.0  0.5  0.4  0.5  0.5  0.1  0.1  0.1  0.1  0.2  0.0
      15.2    1.1100  0.0  0.0  0.5  0.4  0.5  0.5  0.1  0.1  0.1  0.1  0.2  0.0
      15.4    1.0980  0.0  0.0  0.5  0.4  0.5  0.5  0.1  0.1  0.1  0.1  0.2  0.0
      15.6    1.1120  0.0  0.0  0.5  0.4  0.5  0.5  0.1  0.1  0.1  0.1  0.2  0.0
      15.8    1.1100  0.0  0.0  0.5  0.4  0.5  0.5  0.1  0.1  0.1  0.1  0.2  0.0
      15.9    1.0970  0.0  0.0  0.5  0.4  0.5  0.5  0.1  0.1  0.1  0.1  0.2  0.0
      16.1    1.1100  0.0  0.0  0.5  0.4  0.5  0.5  0.1  0.1  0.1  0.1  0.2  0.0
      16.3    1.1030  0.0  0.0  0.5  0.4  0.5  0.5  0.1  0.1  0.1  0.1  0.2  0.0
      16.5    1.1000  0.0  0.0  0.5  0.4  0.5  0.5  0.1  0.1  0.1  0.1  0.2  0.0
      16.7    1.1090  0.0  0.0  0.5  0.4  0.5  0.5  0.1  0.1  0.1  0.1  0.2  0.0
      16.9    1.1000  0.0  0.0  0.5  0.4  0.5  0.5  0.1  0.1  0.1  0.0  0.2  0.0
      17.1    1.1090  0.0  0.0  0.5  0.4  0.5  0.5  0.1  0.1  0.1  0.0  0.2  0.0
      17.3    1.1190  0.0  0.0  0.5  0.4  0.5  0.5  0.1  0.1  0.1  0.0  0.2  0.0
      17.5    1.1220  0.0  0.0  0.5  0.4  0.5  0.5  0.1  0.1  0.1  0.0  0.2  0.0
      17.7    1.1160  0.0  0.0  0.5  0.4  0.5  0.5  0.1  0.1  0.1  0.0  0.2  0.0
      17.9    1.1160  0.0  0.0  0.5  0.4  0.5  0.5  0.1  0.1  0.1  0.0  0.2  0.0
      18.1    1.1180  0.0  0.0  0.5  0.4  0.5  0.5  0.1  0.1  0.1  0.0  0.2  0.0
      18.3    1.1230  0.0  0.0  0.5  0.4  0.5  0.5  0.1  0.1  0.1  0.0  0.2  0.0
      18.5    1.1250  0.0  0.0  0.5  0.4  0.5  0.5  0.1  0.1  0.1  0.0  0.2  0.0
      18.7    1.1380  0.0  0.0  0.5  0.4  0.5  0.5  0.1  0.1  0.1  0.0  0.2  0.0
        19    1.1340  0.0  0.0  0.5  0.4  0.5  0.5  0.1  0.1  0.1  0.0  0.2  0.0
      19.2    1.1320  0.0  0.0  0.5  0.4  0.5  0.5  0.1  0.1  0.1  0.0  0.2  0.0
      19.4    1.1340  0.0  0.0  0.5  0.4  0.5  0.5  0.1  0.1  0.1  0.0  0.2  0.0
      19.6    1.1290  0.0  0.0  0.5  0.4  0.5  0.5  0.1  0.1  0.1  0.0  0.2  0.0
      19.8    1.1330  0.0  0.0  0.5  0.4  0.5  0.5  0.1  0.1  0.1  0.0  0.2  0.0
      20.1    1.1320  0.0  0.0  0.5  0.4  0.5  0.5  0.1  0.1  0.1  0.0  0.2  0.0
      20.3    1.1180  0.0  0.0  0.5  0.4  0.5  0.5  0.1  0.1  0.1  0.0  0.2  0.0
      20.5    1.1200  0.0  0.0  0.5  0.4  0.5  0.5  0.1  0.1  0.1  0.0  0.2  0.0
      20.8    1.1060  0.0  0.0  0.5  0.4  0.5  0.5  0.1  0.1  0.1  0.0  0.2  0.0
        21    1.1080  0.0  0.0  0.5  0.4  0.5  0.5  0.1  0.1  0.1  0.0  0.2  0.0
      21.3    1.0990  0.0  0.0  0.5  0.4  0.5  0.5  0.1  0.1  0.1  0.0  0.2  0.0
      21.5    1.1070  0.0  0.0  0.5  0.4  0.5  0.5  0.1  0.1  0.1  0.0  0.2  0.0
      21.8    1.0940  0.0  0.0  0.5  0.4  0.5  0.5  0.1  0.1  0.1  0.0  0.2  0.0
        22    1.0960  0.0  0.0  0.5  0.4  0.5  0.5  0.1  0.1  0.1  0.0  0.2  0.0
      22.3    1.0890  0.0  0.0  0.5  0.4  0.5  0.5  0.1  0.1  0.1  0.0  0.2  0.0
      22.5    1.0940  0.0  0.0  0.5  0.4  0.5  0.5  0.1  0.1  0.1  0.0  0.2  0.0
      22.8    1.0850  0.0  0.0  0.5  0.4  0.5  0.5  0.1  0.1  0.1  0.0  0.2  0.0
        23    1.0730  0.0  0.0  0.5  0.4  0.5  0.5  0.1  0.1  0.1  0.0  0.2  0.0
      23.3    1.0750  0.0  0.0  0.5  0.4  0.5  0.5  0.1  0.1  0.1  0.0  0.2  0.0
      23.6    1.0690  0.0  0.0  0.5  0.4  0.5  0.5  0.1  0.1  0.1  0.0  0.2  0.0
      23.9    1.0680  0.0  0.0  0.5  0.4  0.4  0.5  0.1  0.1  0.1  0.0  0.2  0.0
      24.1    1.0680  0.0  0.0  0.5  0.4  0.4  0.5  0.1  0.1  0.1  0.0  0.2  0.0
      24.4    1.0590  0.0  0.0  0.5  0.4  0.4  0.5  0.1  0.1  0.1  0.0  0.2  0.0
      24.7    1.0650  0.0  0.0  0.5  0.4  0.4  0.5  0.1  0.1  0.1  0.0  0.2  0.0
        25    1.0610  0.0  0.0  0.5  0.4  0.4  0.5  0.1  0.1  0.1  0.0  0.2  0.0
      25.3    1.0670  0.0  0.0  0.5  0.4  0.4  0.5  0.1  0.1  0.1  0.0  0.2  0.0
      25.6    1.0650  0.0  0.0  0.5  0.4  0.4  0.5  0.1  0.1  0.1  0.0  0.2  0.0
      25.9    1.0600  0.0  0.0  0.5  0.4  0.4  0.5  0.1  0.1  0.1  0.0  0.2  0.0
      26.2    1.0620  0.0  0.0  0.5  0.4  0.4  0.5  0.1  0.1  0.1  0.0  0.2  0.0
      26.5    1.0610  0.0  0.0  0.5  0.4  0.4  0.5  0.1  0.1  0.1  0.0  0.2  0.0
      26.8    1.0640  0.0  0.0  0.5  0.4  0.4  0.5  0.1  0.1  0.1  0.0  0.2  0.0
      27.1    1.0620  0.0  0.0  0.5  0.4  0.4  0.5  0.1  0.1  0.1  0.0  0.2  0.0
      27.4    1.0620  0.0  0.0  0.5  0.4  0.4  0.5  0.1  0.1  0.1  0.0  0.2  0.0
      27.7    1.0600  0.0  0.0  0.5  0.4  0.4  0.5  0.1  0.1  0.1  0.0  0.2  0.0
        28    1.0620  0.0  0.0  0.5  0.4  0.4  0.5  0.1  0.1  0.1  0.0  0.2  0.0
      28.4    1.0720  0.0  0.0  0.5  0.4  0.4  0.5  0.1  0.1  0.1  0.0  0.2  0.0
      28.7    1.0570  0.0  0.0  0.5  0.4  0.4  0.5  0.1  0.1  0.1  0.0  0.2  0.0
        29    1.0410  0.0  0.0  0.5  0.4  0.4  0.5  0.1  0.1  0.1  0.0  0.2  0.0
      29.3    1.0510  0.0  0.0  0.5  0.4  0.4  0.5  0.1  0.1  0.1  0.0  0.2  0.0
      29.7    1.0520  0.0  0.0  0.5  0.4  0.4  0.5  0.1  0.1  0.1  0.0  0.2  0.0
        30    1.0490  0.0  0.0  0.5  0.4  0.4  0.5  0.1  0.1  0.1  0.0  0.2  0.0
      30.4    1.0420  0.0  0.0  0.5  0.4  0.4  0.5  0.1  0.1  0.1  0.0  0.2  0.0
      30.7    1.0430  0.0  0.0  0.5  0.4  0.4  0.5  0.1  0.1  0.1  0.0  0.2  0.0
      31.1    1.0440  0.0  0.0  0.5  0.4  0.4  0.5  0.1  0.1  0.1  0.0  0.2  0.0
      31.4    1.0480  0.0  0.0  0.5  0.4  0.4  0.5  0.1  0.1  0.1  0.0  0.2  0.0
      31.8    1.0420  0.0  0.0  0.5  0.4  0.4  0.5  0.1  0.1  0.1  0.0  0.2  0.0
      32.2    1.0470  0.0  0.0  0.5  0.4  0.4  0.5  0.1  0.1  0.1  0.0  0.2  0.0
      32.6    1.0410  0.0  0.0  0.5  0.4  0.4  0.5  0.1  0.1  0.1  0.0  0.2  0.0
      32.9    1.0460  0.0  0.0  0.5  0.4  0.4  0.5  0.1  0.1  0.1  0.0  0.2  0.0
      33.3    1.0410  0.0  0.0  0.5  0.4  0.4  0.5  0.1  0.1  0.1  0.0  0.2  0.0
      33.7    1.0430  0.0  0.0  0.5  0.4  0.4  0.5  0.1  0.1  0.1  0.0  0.2  0.0
      34.1    1.0410  0.0  0.0  0.5  0.4  0.4  0.5  0.1  0.1  0.1  0.0  0.2  0.0
      34.5    1.0410  0.0  0.0  0.5  0.4  0.4  0.5  0.1  0.1  0.1  0.0  0.2  0.0
      34.9    1.0400  0.0  0.0  0.5  0.4  0.4  0.5  0.1  0.1  0.1  0.0  0.2  0.0
      35.3    1.0480  0.0  0.0  0.5  0.4  0.4  0.5  0.1  0.1  0.1  0.0  0.2  0.0
      35.7    1.0380  0.0  0.0  0.5  0.4  0.4  0.5  0.1  0.1  0.1  0.0  0.2  0.0
      36.1    1.0370  0.0  0.0  0.5  0.4  0.4  0.5  0.1  0.1  0.1  0.0  0.2  0.0
      36.5    1.0330  0.0  0.0  0.5  0.4  0.4  0.5  0.1  0.1  0.1  0.0  0.2  0.0
      36.9    1.0410  0.0  0.0  0.5  0.4  0.4  0.5  0.1  0.1  0.1  0.0  0.2  0.0
      37.4    1.0360  0.0  0.0  0.5  0.4  0.4  0.5  0.1  0.1  0.1  0.0  0.2  0.0
      37.8    1.0340  0.0  0.0  0.5  0.4  0.4  0.5  0.1  0.1  0.1  0.0  0.2  0.0
      38.2    1.0370  0.0  0.0  0.5  0.4  0.4  0.5  0.1  0.1  0.1  0.0  0.2  0.0
      38.7    1.0390  0.0  0.0  0.5  0.4  0.4  0.5  0.1  0.1  0.1  0.0  0.2  0.0
      39.1    1.0350  0.0  0.0  0.5  0.4  0.4  0.5  0.1  0.1  0.1  0.0  0.2  0.0
      39.6    1.0350  0.0  0.0  0.5  0.4  0.4  0.5  0.1  0.1  0.1  0.0  0.2  0.0
        40    1.0350  0.0  0.0  0.5  0.4  0.4  0.5  0.1  0.1  0.1  0.0  0.2  0.0
      40.5    1.0390  0.0  0.0  0.5  0.4  0.4  0.5  0.1  0.1  0.1  0.0  0.2  0.0
        41    1.0380  0.0  0.0  0.5  0.4  0.4  0.5  0.1  0.1  0.1  0.0  0.2  0.0
      41.5    1.0390  0.0  0.0  0.5  0.4  0.4  0.5  0.1  0.1  0.1  0.0  0.2  0.0
      41.9    1.0400  0.0  0.0  0.5  0.4  0.4  0.5  0.1  0.1  0.1  0.0  0.2  0.0
      42.4    1.0320  0.0  0.0  0.5  0.4  0.4  0.5  0.1  0.1  0.1  0.0  0.2  0.0
      42.9    1.0410  0.0  0.0  0.5  0.4  0.4  0.5  0.1  0.1  0.1  0.0  0.2  0.0
      43.4    1.0410  0.0  0.0  0.5  0.4  0.4  0.5  0.1  0.1  0.1  0.0  0.2  0.0
      43.9    1.0390  0.0  0.0  0.5  0.4  0.4  0.5  0.1  0.1  0.1  0.0  0.2  0.0
      44.4    1.0430  0.0  0.0  0.5  0.4  0.4  0.5  0.1  0.1  0.1  0.0  0.2  0.0
      44.9    1.0330  0.0  0.0  0.5  0.4  0.4  0.5  0.1  0.1  0.1  0.0  0.2  0.0
      45.5    1.0350  0.0  0.0  0.5  0.4  0.4  0.5  0.1  0.1  0.1  0.0  0.2  0.0
        46    1.0230  0.0  0.0  0.5  0.4  0.4  0.5  0.1  0.1  0.1  0.0  0.2  0.0
      46.5    1.0330  0.0  0.0  0.5  0.4  0.4  0.5  0.1  0.1  0.1  0.0  0.2  0.0
        47    1.0410  0.0  0.0  0.5  0.4  0.4  0.5  0.1  0.1  0.1  0.0  0.2  0.0
      47.6    1.0440  0.0  0.0  0.5  0.4  0.4  0.5  0.1  0.1  0.1  0.0  0.2  0.0
      48.1    1.0260  0.0  0.0  0.5  0.4  0.4  0.5  0.1  0.1  0.1  0.0  0.2  0.0
      48.7    1.0390  0.0  0.0  0.5  0.4  0.4  0.5  0.1  0.1  0.1  0.0  0.2  0.0
      49.3    1.0350  0.0  0.0  0.5  0.4  0.4  0.5  0.1  0.1  0.1  0.0  0.2  0.0
      49.8    1.0430  0.0  0.0  0.5  0.4  0.4  0.5  0.1  0.1  0.1  0.0  0.2  0.0
      50.4    1.0420  0.0  0.0  0.5  0.4  0.4  0.5  0.1  0.1  0.1  0.0  0.2  0.0
        51    1.0420  0.0  0.0  0.6  0.4  0.4  0.5  0.1  0.1  0.1  0.0  0.2  0.0
      51.6    1.0370  0.0  0.0  0.6  0.4  0.4  0.5  0.1  0.1  0.1  0.0  0.2  0.0
      52.2    1.0340  0.0  0.0  0.6  0.4  0.3  0.5  0.1  0.1  0.1  0.0  0.2  0.0
      52.8    1.0360  0.0  0.0  0.6  0.4  0.4  0.5  0.1  0.1  0.1  0.0  0.2  0.0
      53.4    1.0450  0.0  0.0  0.6  0.4  0.4  0.5  0.1  0.1  0.1  0.0  0.2  0.0
        54    1.0390  0.0  0.0  0.6  0.4  0.4  0.5  0.1  0.1  0.1  0.0  0.2  0.0
      54.6    1.0430  0.0  0.0  0.6  0.4  0.4  0.5  0.1  0.1  0.1  0.0  0.2  0.0
      55.3    1.0310  0.0  0.0  0.6  0.4  0.4  0.5  0.1  0.1  0.1  0.0  0.2  0.0
      55.9    1.0380  0.0  0.0  0.6  0.4  0.4  0.5  0.1  0.1  0.1  0.0  0.2  0.0
      56.6    1.0340  0.0  0.0  0.6  0.4  0.4  0.5  0.1  0.1  0.1  0.0  0.2  0.0
      57.2    1.0390  0.0  0.0  0.6  0.4  0.4  0.5  0.1  0.1  0.1  0.0  0.2  0.0
      57.9    1.0340  0.0  0.0  0.6  0.4  0.4  0.5  0.1  0.1  0.1  0.0  0.2  0.0
      58.6    1.0370  0.0  0.0  0.6  0.4  0.4  0.5  0.1  0.1  0.1  0.0  0.2  0.0
      59.2    1.0360  0.0  0.0  0.6  0.4  0.4  0.5  0.1  0.1  0.1  0.0  0.2  0.0
      59.9    1.0430  0.0  0.0  0.6  0.4  0.4  0.5  0.1  0.1  0.1  0.0  0.2  0.0
      60.6    1.0390  0.0  0.0  0.6  0.4  0.4  0.5  0.1  0.1  0.1  0.0  0.2  0.0
      61.3    1.0410  0.0  0.0  0.6  0.4  0.4  0.5  0.1  0.1  0.1  0.0  0.2  0.0
        62    1.0400  0.0  0.0  0.6  0.4  0.4  0.5  0.1  0.1  0.1  0.0  0.2  0.0
      62.7    1.0380  0.0  0.0  0.6  0.4  0.4  0.5  0.1  0.1  0.1  0.0  0.2  0.0
      63.5    1.0460  0.0  0.0  0.6  0.4  0.4  0.5  0.1  0.1  0.1  0.0  0.2  0.0
      64.2    1.0360  0.0  0.0  0.6  0.4  0.3  0.5  0.1  0.1  0.1  0.0  0.2  0.0
      64.9    1.0440  0.0  0.0  0.6  0.4  0.4  0.5  0.1  0.1  0.1  0.0  0.2  0.0
      65.7    1.0310  0.0  0.0  0.6  0.4  0.4  0.5  0.1  0.1  0.1  0.0  0.2  0.0
      66.5    1.0350  0.0  0.0  0.6  0.4  0.4  0.5  0.1  0.1  0.1  0.0  0.2  0.0
      67.2    1.0440  0.0  0.0  0.6  0.4  0.4  0.5  0.1  0.1  0.1  0.0  0.2  0.0
        68    1.0270  0.0  0.0  0.6  0.4  0.4  0.5  0.1  0.1  0.1  0.0  0.2  0.0
      68.8    1.0360  0.0  0.0  0.6  0.4  0.4  0.5  0.1  0.1  0.1  0.0  0.2  0.0
      69.6    1.0430  0.0  0.0  0.6  0.4  0.4  0.5  0.1  0.1  0.1  0.0  0.2  0.0
      70.4    1.0350  0.0  0.0  0.6  0.4  0.4  0.5  0.1  0.1  0.1  0.0  0.2  0.0
      71.2    1.0290  0.0  0.0  0.6  0.4  0.4  0.5  0.1  0.1  0.1  0.0  0.2  0.0
        72    1.0310  0.0  0.0  0.6  0.4  0.4  0.5  0.1  0.1  0.1  0.0  0.2  0.0
      72.9    1.0390  0.0  0.0  0.6  0.4  0.4  0.5  0.1  0.1  0.1  0.0  0.2  0.0
      73.7    1.0360  0.0  0.0  0.6  0.4  0.4  0.5  0.1  0.1  0.1  0.0  0.2  0.0
      74.6    1.0370  0.0  0.0  0.6  0.4  0.4  0.5  0.1  0.1  0.1  0.0  0.2  0.0
      75.4    1.0370  0.0  0.0  0.6  0.4  0.4  0.5  0.1  0.1  0.1  0.0  0.2  0.0
      76.3    1.0390  0.0  0.0  0.6  0.4  0.4  0.5  0.1  0.1  0.1  0.0  0.2  0.0
      77.2    1.0470  0.0  0.0  0.6  0.4  0.4  0.5  0.1  0.1  0.1  0.0  0.2  0.0
      78.1    1.0450  0.0  0.0  0.6  0.4  0.4  0.5  0.1  0.1  0.1  0.0  0.2  0.0
        79    1.0380  0.0  0.0  0.6  0.4  0.4  0.5  0.1  0.1  0.1  0.0  0.2  0.0
      79.9    1.0420  0.0  0.0  0.6  0.4  0.4  0.5  0.1  0.1  0.1  0.0  0.2  0.0
      80.8    1.0410  0.0  0.0  0.6  0.4  0.4  0.5  0.1  0.1  0.1  0.0  0.2  0.0
      81.8    1.0380  0.0  0.0  0.6  0.4  0.4  0.5  0.1  0.1  0.1  0.0  0.2  0.0
      82.7    1.0380  0.0  0.0  0.6  0.4  0.4  0.5  0.1  0.1  0.1  0.0  0.2  0.0
      83.7    1.0340  0.0  0.0  0.7  0.4  0.4  0.5  0.1  0.1  0.1  0.0  0.2  0.0
      84.6    1.0330  0.0  0.0  0.7  0.4  0.4  0.5  0.1  0.1  0.1  0.0  0.2  0.0
      85.6    1.0390  0.0  0.0  0.7  0.4  0.4  0.5  0.1  0.1  0.1  0.0  0.2  0.0
      86.6    1.0180  0.0  0.0  0.7  0.4  0.4  0.5  0.1  0.1  0.1  0.0  0.2  0.0
      87.6    1.0410  0.0  0.0  0.7  0.4  0.4  0.5  0.1  0.1  0.1  0.0  0.2  0.0
      88.6    1.0320  0.0  0.0  0.7  0.4  0.4  0.5  0.1  0.1  0.1  0.0  0.2  0.0
      89.6    1.0400  0.0  0.0  0.7  0.4  0.4  0.5  0.1  0.1  0.1  0.0  0.2  0.0
      90.7    1.0330  0.0  0.0  0.7  0.4  0.4  0.5  0.1  0.1  0.1  0.0  0.2  0.0
      91.7    1.0360  0.0  0.0  0.7  0.4  0.4  0.5  0.1  0.1  0.1  0.0  0.2  0.0
      92.8    1.0210  0.0  0.0  0.7  0.4  0.4  0.5  0.1  0.1  0.1  0.0  0.2  0.0
      93.9    1.0440  0.0  0.0  0.7  0.4  0.4  0.5  0.1  0.1  0.1  0.0  0.2  0.0
        95    1.0380  0.0  0.0  0.7  0.4  0.4  0.5  0.1  0.1  0.1  0.0  0.2  0.0
      96.1    1.0270  0.0  0.0  0.7  0.4  0.4  0.5  0.1  0.1  0.1  0.0  0.2  0.0
      97.2    1.0430  0.0  0.0  0.7  0.4  0.4  0.5  0.1  0.1  0.1  0.0  0.2  0.0
      98.3    1.0370  0.0  0.0  0.7  0.4  0.4  0.5  0.1  0.1  0.1  0.0  0.2  0.0
      99.4    1.0340  0.0  0.0  0.7  0.4  0.4  0.5  0.1  0.1  0.1  0.0  0.2  0.0
       101    1.0420  0.0  0.0  0.7  0.4  0.4  0.5  0.1  0.1  0.1  0.0  0.2  0.0
       102    1.0360  0.0  0.0  0.7  0.5  0.4  0.5  0.1  0.1  0.1  0.0  0.2  0.0
       103    1.0400  0.0  0.0  0.7  0.4  0.4  0.5  0.1  0.1  0.1  0.0  0.2  0.0
       104    1.0350  0.0  0.0  0.7  0.5  0.4  0.5  0.1  0.1  0.1  0.0  0.2  0.0
       105    1.0420  0.0  0.0  0.7  0.5  0.4  0.5  0.1  0.1  0.1  0.0  0.2  0.0
       107    1.0290  0.0  0.0  0.8  0.5  0.5  0.5  0.1  0.1  0.1  0.0  0.2  0.0
       108    1.0530  0.0  0.0  0.8  0.5  0.5  0.5  0.1  0.1  0.1  0.0  0.2  0.0
       109    1.0360  0.0  0.0  0.8  0.5  0.5  0.5  0.1  0.1  0.1  0.0  0.2  0.0
       110    1.0390  0.0  0.0  0.8  0.5  0.5  0.5  0.1  0.1  0.1  0.0  0.2  0.0
       112    1.0420  0.0  0.0  0.8  0.5  0.5  0.5  0.1  0.1  0.1  0.0  0.2  0.0
       113    1.0350  0.0  0.0  0.8  0.5  0.5  0.5  0.1  0.1  0.1  0.0  0.2  0.0
       114    1.0350  0.0  0.0  0.8  0.5  0.5  0.5  0.1  0.1  0.1  0.0  0.2  0.0
       116    1.0470  0.0  0.0  0.8  0.5  0.5  0.5  0.1  0.1  0.1  0.0  0.2  0.0
       117    1.0370  0.0  0.0  0.8  0.5  0.5  0.5  0.1  0.1  0.1  0.0  0.2  0.0
       118    1.0370  0.0  0.0  0.8  0.5  0.5  0.5  0.1  0.1  0.1  0.0  0.2  0.0
       120    1.0460  0.0  0.0  0.8  0.5  0.5  0.5  0.1  0.1  0.1  0.0  0.2  0.0
       121    1.0410  0.0  0.0  0.8  0.5  0.5  0.5  0.1  0.1  0.1  0.0  0.2  0.0
       122    1.0450  0.0  0.0  0.8  0.5  0.5  0.5  0.1  0.1  0.1  0.0  0.2  0.0
       124    1.0470  0.0  0.0  0.8  0.5  0.5  0.5  0.1  0.1  0.1  0.0  0.2  0.0
       125    1.0430  0.0  0.0  0.9  0.6  0.6  0.5  0.1  0.1  0.1  0.0  0.2  0.0
       127    1.0400  0.0  0.0  0.9  0.6  0.5  0.5  0.1  0.1  0.1  0.0  0.2  0.0
       128    1.0440  0.0  0.0  0.9  0.6  0.6  0.5  0.1  0.1  0.1  0.0  0.2  0.0
       130    1.0450  0.0  0.0  0.9  0.6  0.6  0.5  0.1  0.1  0.1  0.0  0.2  0.0
       131    1.0340  0.0  0.0  0.9  0.6  0.6  0.5  0.1  0.1  0.1  0.0  0.2  0.0
       133    1.0350  0.0  0.0  0.9  0.6  0.6  0.5  0.1  0.1  0.1  0.0  0.2  0.0
       134    1.0390  0.0  0.0  0.9  0.6  0.6  0.5  0.1  0.1  0.1  0.0  0.2  0.0
       136    1.0360  0.0  0.0  0.9  0.6  0.6  0.5  0.1  0.1  0.1  0.0  0.2  0.0
       137    1.0300  0.0  0.0  0.9  0.6  0.6  0.5  0.1  0.1  0.1  0.0  0.2  0.0
       139    1.0310  0.0  0.0  1.0  0.6  0.6  0.5  0.1  0.1  0.1  0.0  0.2  0.0
       140    1.0480  0.0  0.0  1.0  0.6  0.6  0.5  0.1  0.1  0.1  0.0  0.2  0.0
       142    1.0280  0.0  0.0  1.0  0.7  0.6  0.5  0.1  0.1  0.1  0.0  0.2  0.0
       144    1.0390  0.0  0.0  1.0  0.7  0.6  0.5  0.1  0.1  0.1  0.0  0.2  0.0
       145    1.0540  0.0  0.0  1.0  0.7  0.7  0.5  0.1  0.1  0.1  0.0  0.2  0.0
       147    1.0410  0.0  0.0  1.0  0.7  0.7  0.5  0.1  0.1  0.1  0.0  0.2  0.0
       149    1.0430  0.0  0.0  1.0  0.7  0.7  0.5  0.1  0.1  0.1  0.0  0.2  0.0
       151    1.0280  0.0  0.0  1.0  0.7  0.7  0.5  0.1  0.1  0.1  0.0  0.2  0.0
       152    1.0240  0.0  0.0  1.0  0.7  0.7  0.5  0.1  0.1  0.1  0.0  0.2  0.0
       154    1.0330  0.0  0.0  1.1  0.7  0.7  0.5  0.1  0.1  0.1  0.0  0.2  0.0
       156    1.0420  0.0  0.0  1.1  0.8  0.7  0.5  0.1  0.1  0.1  0.0  0.2  0.0
       158    1.0410  0.0  0.0  1.1  0.8  0.7  0.5  0.1  0.1  0.1  0.0  0.2  0.0
       159    1.0410  0.0  0.0  1.1  0.8  0.8  0.5  0.1  0.1  0.1  0.0  0.2  0.0
       161    1.0340  0.0  0.0  1.1  0.8  0.8  0.5  0.1  0.1  0.1  0.0  0.2  0.0
       163    1.0320  0.0  0.0  1.2  0.8  0.8  0.5  0.1  0.1  0.1  0.0  0.2  0.0
       165    1.0200  0.0  0.0  1.2  0.8  0.8  0.5  0.1  0.1  0.1  0.0  0.2  0.0
       167    1.0430  0.0  0.0  1.2  0.8  0.9  0.5  0.1  0.1  0.1  0.0  0.2  0.0
       169    1.0510  0.0  0.0  1.2  0.9  0.8  0.5  0.1  0.1  0.1  0.0  0.2  0.0
       171    1.0310  0.0  0.0  1.2  0.9  0.9  0.5  0.1  0.1  0.1  0.0  0.2  0.0
       173    1.0370  0.0  0.0  1.2  0.9  0.9  0.5  0.1  0.1  0.1  0.0  0.2  0.0
       175    1.0390  0.0  0.0  1.2  0.9  0.9  0.5  0.1  0.1  0.1  0.0  0.2  0.0
       177    1.0690  0.0  0.0  1.3  0.9  0.9  0.5  0.1  0.1  0.1  0.0  0.2  0.0
       179    1.0530  0.0  0.0  1.3  1.0  1.0  0.5  0.1  0.1  0.1  0.0  0.2  0.0
       181    1.0410  0.0  0.0  1.3  1.0  1.0  0.5  0.1  0.1  0.1  0.0  0.2  0.0
       183    1.0450  0.0  0.0  1.3  1.0  1.0  0.5  0.1  0.1  0.1  0.0  0.2  0.0
       185    1.0510  0.0  0.0  1.4  1.1  1.0  0.5  0.1  0.1  0.1  0.0  0.2  0.0
       187    1.0570  0.0  0.0  1.4  1.1  1.1  0.5  0.1  0.1  0.1  0.0  0.2  0.0
       190    1.0410  0.0  0.0  1.4  1.1  1.1  0.5  0.1  0.1  0.1  0.0  0.2  0.0
       192    1.0650  0.0  0.0  1.4  1.1  1.2  0.5  0.1  0.1  0.1  0.0  0.2  0.0
       194    1.0380  0.0  0.0  1.5  1.1  1.2  0.5  0.1  0.1  0.1  0.0  0.2  0.0
       196    1.0760  0.0  0.0  1.5  1.2  1.2  0.5  0.1  0.1  0.1  0.0  0.2  0.0
       198    1.0410  0.0  0.0  1.5  1.2  1.2  0.5  0.1  0.1  0.1  0.0  0.2  0.0
EBEBEBEBEBEB
9999999
